1788273304.000538,-32.835329,-70.132423,2863.373582,284.1,1.909425,8.1,6.2
1788273308.000566,-32.835257,-70.132496,2864.395828,337.8,3.679290,5.6,6.3
1788273313.000602,-32.835278,-70.132609,2865.890303,286.2,1.906036,6.7,5.8
1788273319.000651,-32.835253,-70.132725,2867.898998,285.4,1.652630,6.5,5.5
1788273325.000701,-32.835226,-70.132831,2874.940127,287.0,1.702953,6.4,5.2
1788273333.000770,-32.835194,-70.132969,2883.927171,285.2,1.774432,6.0,4.7
1788273339.000824,-32.835169,-70.133072,2890.260645,285.5,1.972452,5.3,4.2
1788273346.000887,-32.835142,-70.133182,2898.139538,289.0,1.891630,5.0,3.9
1788273352.000872,-32.835117,-70.133285,2905.107753,285.2,1.948134,4.8,3.8
1788273359.000760,-32.835088,-70.133399,2913.032966,286.8,1.931296,4.2,3.6
1788273366.000617,-32.835059,-70.133519,2919.441836,286.4,2.341994,3.9,3.5
1788273372.000543,-32.835035,-70.133617,2921.349926,286.1,0.000000,4.1,3.8
1788273372.000543,-32.835035,-70.133617,2921.349926,286.1,0.000000,4.1,3.8
1788273377.000506,-32.835008,-70.133727,2923.123390,285.3,1.880435,4.3,3.9
1788273383.000486,-32.834980,-70.133844,2925.657573,286.7,1.944848,4.4,4.0
1788273389.000479,-32.834952,-70.133959,2928.230738,287.4,1.757625,4.7,4.2
1788273395.000483,-32.834922,-70.134080,2931.077338,284.6,2.049901,4.6,4.0
1788273401.000496,-32.834894,-70.134195,2934.024936,285.2,0.000000,4.6,4.0
1788273401.000496,-32.834894,-70.134195,2934.024936,285.2,0.000000,4.6,4.0
1788273407.000514,-32.834866,-70.134312,2937.186250,285.8,1.833424,4.5,4.0
1788273415.000542,-32.834832,-70.134448,2941.133341,289.4,0.000000,4.2,3.7
1788273420.000562,-32.834803,-70.134565,2945.709710,289.1,1.960415,3.9,3.2
1788273426.000587,-32.834772,-70.134680,2950.260397,287.3,2.018080,3.3,2.7
1788273432.000612,-32.834744,-70.134794,2953.308674,288.4,0.000000,3.0,2.5
1788273432.000612,-32.834744,-70.134794,2953.308674,288.4,0.000000,3.0,2.5
1788273438.000640,-32.834716,-70.134915,2956.002226,287.8,1.961176,3.0,2.3
1788273444.000666,-32.834689,-70.135032,2959.260539,286.3,2.000518,3.0,2.2
1788273450.000693,-32.834660,-70.135148,2962.521572,284.8,0.000000,3.0,2.2
1788273450.000693,-32.834660,-70.135148,2962.521572,284.8,0.000000,3.0,2.2
1788273456.000721,-32.834631,-70.135265,2965.604612,285.4,1.900824,3.0,2.1
1788273462.000749,-32.834602,-70.135382,2968.623209,285.8,1.893156,3.0,2.1
1788273468.000777,-32.834573,-70.135497,2971.754454,286.1,1.922183,3.0,2.0
1788273474.000804,-32.834544,-70.135617,2973.589600,286.1,2.071179,3.0,2.0
1788273480.000449,-32.834516,-70.135736,2973.972138,285.1,0.000000,3.0,2.0
1788273480.000449,-32.834516,-70.135736,2973.972138,285.1,0.000000,3.0,2.0
1788273486.000396,-32.834485,-70.135852,2975.516134,286.7,1.898514,3.0,2.0
1788273492.000345,-32.834457,-70.135971,2977.041973,286.4,1.907630,3.0,2.0
1788273498.000311,-32.834428,-70.136088,2978.503019,286.4,1.910848,3.0,2.0
1788273505.000292,-32.834393,-70.136228,2981.001027,285.6,1.968269,3.0,2.0
1788273512.000288,-32.834364,-70.136351,2983.214061,285.6,0.000000,3.0,2.0
1788273517.000290,-32.834337,-70.136467,2985.396736,285.6,2.058915,3.0,2.0
1788273523.000299,-32.834305,-70.136586,2987.831664,285.6,0.000000,3.0,2.0
1788273523.000299,-32.834305,-70.136586,2987.831664,285.6,0.000000,3.0,2.0
1788273529.000309,-32.834278,-70.136702,2989.982961,285.6,1.773794,3.0,2.0
1788273534.000319,-32.834249,-70.136810,2992.695204,286.3,2.609987,3.0,2.0
1788273538.000328,-32.834242,-70.136943,2991.463986,267.9,3.381517,3.0,2.0
1788273542.000338,-32.834321,-70.137002,2992.253871,210.4,1.828940,3.0,2.0
1788273567.000406,-32.834406,-70.137040,2991.133507,193.9,1.222416,3.0,2.1
1788273571.000418,-32.834505,-70.137046,2990.428715,177.3,2.905643,3.0,2.3
1788273574.000426,-32.834606,-70.137062,2990.657800,187.9,3.464260,3.0,2.3
1788273578.000438,-32.834718,-70.137085,2991.431095,186.1,3.410956,3.0,2.4
1788273581.000446,-32.834814,-70.137095,2989.414315,184.4,3.707503,3.0,3.0
1788273584.000455,-32.834936,-70.137110,2989.353393,186.3,4.335422,3.0,3.0
1788273587.000464,-32.835046,-70.137130,2989.589225,186.8,4.309147,3.8,3.9
1788273590.000473,-32.835159,-70.137142,2989.678114,184.6,4.244973,3.9,4.2
1788273593.000481,-32.835277,-70.137190,2989.749601,202.6,4.371720,4.5,4.7
1788273596.000491,-32.835382,-70.137227,2990.415516,198.6,3.889948,4.9,4.8
1788273599.000500,-32.835484,-70.137260,2991.029977,192.4,3.748971,5.2,5.1
1788273602.000696,-32.835586,-70.137288,2989.994733,196.2,3.870297,5.6,5.6
1788273605.000686,-32.835705,-70.137329,2988.383137,196.9,4.751453,5.3,5.6
1788273607.000659,-32.835796,-70.137372,2987.704757,202.5,5.419066,5.1,5.5
1788273610.000608,-32.835906,-70.137435,2988.100845,204.4,4.816126,5.6,5.8
1788273613.000567,-32.836011,-70.137474,2987.365860,197.9,4.053052,4.9,5.7
1788273616.000525,-32.836112,-70.137500,2986.714930,193.3,3.578758,6.1,6.2
1788273619.000482,-32.836204,-70.137522,2986.880127,190.5,3.362992,5.9,6.2
1788273624.000425,-32.836304,-70.137587,2987.116820,213.4,2.946040,6.6,7.4
1788273628.000393,-32.836385,-70.137659,2986.059720,221.0,3.203258,6.7,7.3
1788273631.000374,-32.836455,-70.137754,2984.328087,230.2,4.282490,7.1,7.6
1788273633.000364,-32.836533,-70.137850,2982.190325,224.4,6.274410,7.2,7.8
1788273635.000355,-32.836616,-70.137927,2980.924899,217.2,6.132335,6.5,7.6
1788273637.000348,-32.836764,-70.137993,2975.708640,199.8,8.831996,6.7,7.3
1788273639.000342,-32.836892,-70.138090,2973.564926,212.4,8.647921,7.1,7.5
1788273641.000336,-32.837031,-70.138187,2969.930801,210.9,9.278826,6.1,6.6
1788273642.000334,-32.837116,-70.138223,2968.529356,200.8,9.912330,6.1,6.7
1788273643.000331,-32.837204,-70.138275,2965.616236,206.1,10.893724,6.2,6.8
1788273644.000330,-32.837269,-70.138352,2962.477253,219.6,10.921467,6.2,6.5
1788273645.000328,-32.837354,-70.138428,2960.701166,215.3,11.454955,5.4,5.9
1788273646.000327,-32.837460,-70.138441,2955.521410,194.3,11.953565,4.8,6.2
1788273647.000325,-32.837584,-70.138476,2951.257356,195.5,13.533863,5.3,6.7
1788273648.000323,-32.837674,-70.138561,2947.692897,211.3,13.520183,8.0,8.9
1788273649.000323,-32.837726,-70.138663,2945.151025,229.3,12.366237,7.8,8.9
1788273650.000322,-32.837823,-70.138761,2942.540711,220.8,13.354481,9.1,10.5
1788273651.000321,-32.837927,-70.138785,2939.102053,199.2,12.452306,8.7,10.6
1788273652.000321,-32.838054,-70.138808,2937.334208,190.0,13.396166,6.5,8.0
1788273653.000320,-32.838163,-70.138873,2936.579308,204.2,13.895700,7.1,8.2
1788273654.000319,-32.838223,-70.138976,2934.970707,225.4,12.834942,8.5,10.1
1788273655.000319,-32.838280,-70.139102,2933.808074,234.7,12.878199,15.2,18.0
1788273656.000318,-32.838370,-70.139170,2931.223453,218.1,12.697932,12.5,13.8
1788273657.000318,-32.838475,-70.139172,2927.101945,195.6,12.181024,9.6,11.1
1788273658.000318,-32.838591,-70.139217,2926.376832,198.7,13.053551,9.4,9.9
1788273659.000318,-32.838677,-70.139284,2924.746795,208.6,12.312303,5.8,7.2
1788273660.000317,-32.838773,-70.139325,2922.604243,202.5,11.972173,5.9,6.7
1788273661.000317,-32.838878,-70.139330,2920.276598,185.9,11.861572,4.7,5.9
1788273662.000317,-32.838981,-70.139335,2918.619592,186.1,11.737204,5.2,6.2
1788273663.000318,-32.839072,-70.139386,2918.750567,199.7,11.161227,4.1,4.7
1788273665.000318,-32.839222,-70.139474,2912.356552,203.8,10.498575,5.6,6.0
1788273667.000319,-32.839414,-70.139486,2905.797526,186.3,11.013357,5.0,6.3
1788273668.000319,-32.839510,-70.139549,2905.865494,201.9,11.176417,7.5,8.5
1788273669.000319,-32.839586,-70.139621,2906.381685,212.4,10.981041,8.1,9.2
1788273671.000321,-32.839760,-70.139646,2899.046452,184.3,10.565945,9.5,12.8
1788273672.000321,-32.839842,-70.139597,2895.143467,164.6,9.873470,6.3,10.3
1788273674.000322,-32.839970,-70.139508,2890.766647,148.8,8.358918,6.7,9.0
1788273676.000323,-32.840065,-70.139442,2890.951463,154.6,6.811392,5.7,6.9
1788273678.000325,-32.840190,-70.139527,2885.184994,215.6,7.969517,6.6,8.7
1788273680.000325,-32.840302,-70.139687,2879.879160,225.7,10.424420,8.8,10.4
1788273681.000327,-32.840385,-70.139748,2876.037230,208.4,11.336801,7.9,9.4
1788273683.000329,-32.840528,-70.139732,2870.658664,173.8,8.639932,5.7,7.5
1788273684.000329,-32.840623,-70.139710,2868.726264,173.7,9.735125,6.5,8.2
1788273685.000329,-32.840718,-70.139746,2867.657216,194.0,10.353576,8.2,9.0
1788273686.000330,-32.840794,-70.139818,2866.717647,211.2,10.652610,8.5,9.6
1788273688.000332,-32.840930,-70.139911,2864.363739,202.5,9.915363,8.8,10.1
1788273690.000333,-32.841110,-70.139948,2861.427090,196.4,10.565313,5.9,6.9
1788273691.000334,-32.841189,-70.140006,2859.206466,206.5,10.567205,5.7,6.9
1788273693.000336,-32.841337,-70.140090,2855.308215,204.8,9.762017,8.1,9.5
1788273694.000337,-32.841428,-70.140111,2856.209414,191.1,9.855766,6.4,7.5
1788273696.000339,-32.841605,-70.140103,2853.009435,184.1,10.075281,5.0,6.0
1788273698.000341,-32.841719,-70.140149,2852.637250,198.1,7.126196,5.2,5.7
1788273700.000342,-32.841859,-70.140153,2849.613857,181.0,8.144062,5.2,5.6
1788273702.000344,-32.842017,-70.140194,2845.862503,193.9,9.226713,5.7,6.3
1788273704.000346,-32.842166,-70.140252,2841.897295,195.4,9.141099,4.9,5.8
1788273705.000346,-32.842266,-70.140265,2838.868531,185.8,10.547872,4.7,6.1
1788273706.000348,-32.842389,-70.140284,2835.346117,188.7,12.252036,6.9,8.0
1788273707.000348,-32.842493,-70.140314,2834.140963,192.5,12.237514,8.6,9.9
1788273709.000351,-32.842670,-70.140389,2829.255797,200.3,11.089567,9.7,11.8
1788273710.000352,-32.842756,-70.140433,2827.171496,202.0,11.071735,9.4,11.2
1788273711.000352,-32.842867,-70.140449,2822.102938,189.2,12.318591,6.8,8.3
1788273712.000354,-32.842974,-70.140431,2822.389934,173.9,11.948329,4.0,5.8
1788273713.000354,-32.843043,-70.140363,2818.400198,156.2,10.738754,4.8,6.5
1788273716.000357,-32.843112,-70.140289,2819.538118,144.6,2.665065,5.2,5.5
1788273722.000363,-32.843130,-70.140301,2816.779326,192.4,0.000000,7.3,6.7
1788273722.000363,-32.843130,-70.140301,2816.779326,192.4,0.000000,7.3,6.7
1788273727.000368,-32.843213,-70.140421,2811.367629,243.5,5.065200,7.6,8.8
1788273729.000787,-32.843319,-70.140539,2811.466327,214.6,8.122737,6.9,8.4
1788273731.000772,-32.843456,-70.140493,2803.957030,162.8,8.255913,5.6,8.0
1788273733.000744,-32.843621,-70.140505,2795.614215,189.3,9.737855,5.2,8.0
1788273734.000734,-32.843719,-70.140505,2791.174974,179.4,10.922087,5.3,7.7
1788273735.000719,-32.843833,-70.140460,2788.422905,165.8,12.566588,6.3,9.3
1788273736.000701,-32.843954,-70.140462,2787.284275,177.1,12.991743,6.1,7.7
1788273737.000687,-32.844068,-70.140489,2784.762689,187.5,13.033435,4.6,5.8
1788273738.000671,-32.844183,-70.140493,2780.429297,182.8,13.289623,4.7,5.6
1788273739.000650,-32.844312,-70.140481,2775.965252,177.5,14.490501,7.6,8.6
1788273740.000638,-32.844439,-70.140507,2772.869037,186.2,14.644884,5.8,7.0
1788273741.000622,-32.844565,-70.140504,2770.344324,179.0,14.531992,4.5,5.3
1788273742.000601,-32.844697,-70.140462,2767.913633,169.2,14.942620,4.7,6.0
1788273743.000580,-32.844834,-70.140477,2766.828369,181.7,14.717494,3.6,4.9
1788273744.000560,-32.844953,-70.140515,2766.474957,190.4,13.845268,6.6,7.4
1788273745.000543,-32.845050,-70.140489,2764.859536,175.6,11.978058,7.2,8.1
1788273747.000507,-32.845131,-70.140406,2763.538606,140.7,5.637562,6.8,6.6
1788273749.000478,-32.845239,-70.140373,2760.763188,174.9,6.438862,5.9,6.3
1788273751.000452,-32.845334,-70.140412,2758.286478,198.7,6.104406,5.9,6.2
1788273753.000428,-32.845432,-70.140461,2756.103417,201.2,6.179374,6.1,6.6
1788273755.000406,-32.845560,-70.140526,2752.953340,200.6,7.895214,6.6,7.2
1788273757.000388,-32.845710,-70.140454,2747.052978,152.6,8.637452,4.7,5.7
1788273759.000371,-32.845795,-70.140379,2742.303679,144.3,6.704044,6.2,6.1
1788273761.000357,-32.845895,-70.140291,2738.099071,146.7,8.023762,7.3,6.9
1788273763.000343,-32.846062,-70.140318,2732.684354,190.7,9.230684,6.5,7.0
1788273765.000330,-32.846144,-70.140378,2730.501679,207.6,6.406244,6.0,6.0
1788273767.000320,-32.846248,-70.140408,2730.056162,187.6,6.333752,5.2,5.5
1788273769.000311,-32.846323,-70.140324,2723.291800,135.7,5.427631,4.9,5.2
1788273771.000301,-32.846391,-70.140233,2719.311616,129.8,5.697801,5.2,5.2
1788273774.000289,-32.846455,-70.140156,2714.585116,139.8,3.666609,5.0,5.9
1788273777.000280,-32.846549,-70.140122,2710.188513,171.2,5.378500,6.3,6.4
1788273779.000274,-32.846641,-70.140143,2707.480699,194.3,5.272278,6.3,6.4
1788273781.000268,-32.846724,-70.140197,2705.806287,208.5,5.530211,6.2,6.7
1788273783.000263,-32.846801,-70.140258,2704.273522,214.2,5.325024,6.2,7.0
1788273785.000258,-32.846890,-70.140318,2702.960783,205.6,6.120683,6.9,7.6
1788273787.000254,-32.847040,-70.140277,2696.576658,161.8,8.215580,5.8,7.7
1788273789.000249,-32.847153,-70.140159,2692.268095,137.0,8.099294,5.9,6.9
1788273792.000244,-32.847257,-70.140105,2690.076875,171.0,4.801683,7.0,7.1
1788273798.000233,-32.847258,-70.140114,2690.518691,194.3,0.000000,9.9,8.4
1788273798.000233,-32.847258,-70.140114,2690.518691,194.3,0.000000,9.9,8.4
1788273804.000224,-32.847347,-70.140151,2688.618113,202.1,3.487948,9.4,9.5
1788273806.000221,-32.847437,-70.140166,2686.958358,186.1,5.252802,8.5,9.0
1788273808.000219,-32.847513,-70.140062,2682.002551,125.1,6.425709,7.7,8.7
1788273810.000216,-32.847554,-70.139935,2680.465464,117.4,6.377226,7.6,8.0
1788273812.000214,-32.847689,-70.139927,2673.489931,186.4,7.421372,5.9,7.1
1788273814.000211,-32.847783,-70.140031,2668.674194,217.5,7.677008,6.7,7.1
1788273815.000211,-32.847868,-70.140067,2665.342429,200.3,9.399923,5.8,6.4
1788273816.000209,-32.847959,-70.140041,2661.253135,172.9,10.210821,5.1,5.7
1788273818.000207,-32.848121,-70.139916,2652.634187,151.5,11.435698,3.5,4.0
1788273819.000206,-32.848223,-70.139924,2651.795867,175.1,11.259765,3.2,4.0
1788273821.000203,-32.848371,-70.139981,2648.848551,196.1,8.682261,3.8,4.4
1788273823.000202,-32.848498,-70.139890,2646.787088,142.4,7.887649,5.0,5.8
1788273825.000199,-32.848550,-70.139783,2641.048254,124.3,6.362074,6.0,6.1
1788273827.000197,-32.848676,-70.139695,2636.179145,152.1,8.920864,6.3,6.3
1788273829.000195,-32.848731,-70.139554,2631.845626,112.9,7.171014,4.3,4.7
1788273831.000192,-32.848740,-70.139426,2628.825803,93.2,6.175870,4.5,4.4
1788273833.000190,-32.848781,-70.139304,2624.296360,117.0,7.171297,4.9,4.6
1788273835.000188,-32.848807,-70.139126,2619.533840,92.4,8.451323,5.2,4.6
1788273837.000187,-32.848870,-70.138930,2615.332390,111.2,10.155342,4.6,4.7
1788273839.000185,-32.848847,-70.138758,2609.300638,85.6,8.386606,5.2,5.1
1788273841.000182,-32.848891,-70.138582,2605.117223,103.3,8.734814,6.2,6.0
1788273843.000180,-32.848842,-70.138398,2602.992107,79.2,9.187625,6.0,5.2
1788273845.000178,-32.848889,-70.138228,2600.597455,96.4,7.975520,5.4,5.1
1788273851.000172,-32.848837,-70.138124,2596.868876,69.4,0.000000,10.9,11.0
1788273851.000172,-32.848837,-70.138124,2596.868876,69.4,0.000000,10.9,11.0
1788273854.000673,-32.848872,-70.138023,2595.553557,123.7,2.820645,9.8,10.2
1788273859.000641,-32.848867,-70.137899,2593.077718,56.4,2.964086,8.9,9.1
1788273862.000605,-32.848876,-70.137772,2590.350602,112.9,4.900371,8.1,8.5
1788273864.000581,-32.848950,-70.137689,2588.349614,129.9,5.689298,6.4,8.2
1788273866.000549,-32.848952,-70.137559,2585.446703,93.1,6.277234,7.0,7.8
1788273868.000515,-32.848972,-70.137391,2583.965024,105.1,7.916009,6.6,7.0
1788273870.000478,-32.849064,-70.137273,2580.100110,124.4,7.627825,5.6,6.1
1788273872.000446,-32.849094,-70.137133,2579.723870,109.8,7.031449,5.5,6.3
1788273874.000417,-32.849175,-70.137037,2579.137595,133.8,6.265833,6.9,7.7
1788273876.000390,-32.849228,-70.136925,2579.144282,115.9,5.887314,5.5,6.5
1788273878.000365,-32.849274,-70.136806,2578.874067,115.8,6.297898,5.3,6.3
1788273881.000334,-32.849363,-70.136684,2577.794207,132.0,5.009279,5.1,6.2
1788273884.000306,-32.849438,-70.136597,2577.788940,144.6,3.870056,4.9,6.2
1788273888.000275,-32.849503,-70.136505,2578.010107,97.8,2.430550,6.0,6.7
1788273894.000236,-32.849497,-70.136506,2576.297077,75.1,0.000000,8.4,7.1
1788273894.000236,-32.849497,-70.136506,2576.297077,75.1,0.000000,8.4,7.1
1788273910.000190,-32.849421,-70.136441,2577.374477,0.1,0.388628,8.4,7.3
1788273930.000136,-32.849313,-70.136416,2578.248706,349.2,1.926782,11.6,9.9
1788273937.000118,-32.849208,-70.136389,2580.405800,15.1,1.696840,10.8,8.3
1788273942.000104,-32.849116,-70.136376,2583.439326,5.1,1.826085,9.1,7.4
1788273948.000087,-32.849017,-70.136356,2586.328932,8.6,2.526999,8.0,6.5
1788273954.000071,-32.848921,-70.136340,2590.291196,9.2,0.000000,7.7,6.4
1788273954.000071,-32.848921,-70.136340,2590.291196,9.2,0.000000,7.7,6.4
1788273960.000055,-32.848827,-70.136316,2595.307469,8.4,1.616214,7.3,5.8
1788273966.000040,-32.848731,-70.136294,2599.318448,10.4,1.752032,6.7,5.5
1788273972.000023,-32.848636,-70.136272,2603.768559,12.3,1.784643,6.5,5.2
1788273978.000007,-32.848537,-70.136252,2609.290686,11.3,2.060840,6.8,5.1
1788273984.000415,-32.848445,-70.136229,2615.280457,10.3,0.000000,6.1,5.0
1788273984.000415,-32.848445,-70.136229,2615.280457,10.3,0.000000,6.1,5.0
1788273990.000317,-32.848348,-70.136211,2622.069488,10.7,1.841587,7.4,5.5
1788273997.000203,-32.848249,-70.136186,2627.859325,8.0,1.841364,7.3,5.7
1788274004.000128,-32.848144,-70.136165,2634.011152,7.8,1.866494,7.3,6.0
1788274011.000072,-32.848042,-70.136146,2639.816893,11.7,1.831848,7.7,6.4
1788274018.000025,-32.847941,-70.136124,2647.851027,10.5,1.838942,7.9,6.4
1788274024.999988,-32.847850,-70.136101,2654.411623,9.2,0.000000,7.2,5.8
1788274030.999959,-32.847756,-70.136078,2662.118800,10.0,1.920774,7.5,6.1
1788274037.999928,-32.847654,-70.136056,2669.747915,8.3,1.920390,7.1,5.7
1788274044.999898,-32.847558,-70.136035,2677.712748,8.2,1.938126,7.0,5.5
1788274053.999862,-32.847439,-70.136006,2688.483183,11.0,1.898882,7.5,5.7
1788274062.999828,-32.847320,-70.135980,2698.576999,12.6,1.858712,7.5,6.2
1788274069.999801,-32.847230,-70.135959,2707.165977,17.4,2.054452,7.4,6.1
1788274075.999779,-32.847148,-70.135948,2714.163110,9.5,1.177863,7.7,6.3
1788274075.999779,-32.847148,-70.135948,2714.163110,9.5,0.000000,7.7,6.3
1788274082.999753,-32.847034,-70.135918,2721.676651,11.0,1.738171,7.5,6.0
1788274088.999731,-32.846943,-70.135898,2728.053166,6.7,1.758035,7.5,5.8
1788274095.999705,-32.846849,-70.135878,2735.446818,8.6,0.798090,7.9,6.2
1788274101.999683,-32.846749,-70.135859,2743.843888,6.5,1.944360,7.4,6.0
1788274108.999614,-32.846653,-70.135834,2752.321726,9.0,1.930439,7.1,5.9
1788274115.999676,-32.846553,-70.135807,2758.416891,12.0,2.275994,7.1,5.8
1788274121.999728,-32.846459,-70.135788,2760.406245,12.1,0.000000,7.0,6.0
1788274121.999728,-32.846459,-70.135788,2760.406245,12.1,0.000000,7.0,6.0
1788274128.999762,-32.846342,-70.135769,2762.714724,10.5,2.028103,9.9,7.8
1788274134.999775,-32.846254,-70.135749,2764.250159,11.0,0.000000,10.1,7.4
1788274134.999775,-32.846254,-70.135749,2764.250159,11.0,0.000000,10.1,7.4
1788274139.999779,-32.846157,-70.135727,2766.005406,9.5,1.892950,10.0,7.1
1788274145.999777,-32.846067,-70.135713,2769.596888,7.5,0.000000,9.2,7.7
1788274150.999771,-32.845977,-70.135690,2772.354398,11.5,1.826677,9.7,7.8
1788274156.999761,-32.845871,-70.135664,2775.408579,13.1,1.968061,10.0,8.2
1788274162.999750,-32.845773,-70.135639,2778.932091,10.7,1.919897,11.0,8.4
1788274170.999732,-32.845646,-70.135604,2785.103126,21.5,1.701537,9.6,7.4
1788274176.999718,-32.845536,-70.135589,2788.363311,9.4,2.000881,10.5,8.2
1788274182.999703,-32.845436,-70.135567,2791.658088,9.5,0.000000,10.0,8.5
1788274182.999703,-32.845436,-70.135567,2791.658088,9.5,0.000000,10.0,8.5
1788274188.999687,-32.845335,-70.135543,2794.102296,9.5,1.795859,11.3,9.2
1788274194.999670,-32.845231,-70.135521,2797.226600,11.8,1.823273,10.2,8.9
1788274201.999652,-32.845118,-70.135496,2800.643944,10.7,1.834105,9.8,8.5
1788274207.999636,-32.845014,-70.135473,2804.074446,10.3,1.924147,9.9,8.3
1788274213.999620,-32.844913,-70.135452,2807.744545,10.0,2.233992,9.6,7.5
1788274219.999604,-32.844814,-70.135430,2808.734319,9.7,0.000000,7.7,7.2
1788274219.999604,-32.844814,-70.135430,2808.734319,9.7,0.000000,7.7,7.2
1788274225.999586,-32.844717,-70.135410,2809.787047,7.9,1.690845,8.4,7.4
1788274231.999984,-32.844619,-70.135386,2811.647224,11.5,1.762574,8.3,7.1
1788274237.999987,-32.844517,-70.135363,2812.465714,11.0,1.898844,8.8,7.3
1788274242.999993,-32.844425,-70.135340,2814.610301,8.7,1.728150,8.7,6.5
1788274250.999962,-32.844287,-70.135312,2816.407554,11.7,1.967735,7.3,6.3
1788274256.999929,-32.844182,-70.135284,2816.436681,9.2,2.066247,7.9,6.1
1788274262.999902,-32.844081,-70.135258,2816.977308,9.9,0.000000,7.4,6.5
1788274262.999902,-32.844081,-70.135258,2816.977308,9.9,0.000000,7.4,6.5
1788274274.999857,-32.843866,-70.135213,2819.478874,12.8,2.087240,9.4,8.0
1788274280.999837,-32.843796,-70.135202,2820.171182,9.2,0.000000,6.3,5.8
1788274280.999837,-32.843796,-70.135202,2820.171182,9.2,0.000000,6.3,5.8
1788274286.999819,-32.843668,-70.135175,2821.560925,9.9,2.081304,7.3,6.7
1788274292.999802,-32.843569,-70.135153,2821.848299,11.0,1.966352,7.7,6.8
1788274297.999788,-32.843474,-70.135127,2822.617892,12.7,1.928882,7.7,6.9
1788274302.999774,-32.843383,-70.135109,2824.683291,11.0,1.900731,7.9,6.5
1788274307.999761,-32.843294,-70.135087,2825.441165,10.9,2.194130,8.6,6.8
1788274313.999745,-32.843198,-70.135062,2825.914312,10.5,0.000000,9.4,7.1
1788274313.999745,-32.843198,-70.135062,2825.914312,10.5,0.000000,9.4,7.1
1788274319.999728,-32.843089,-70.135044,2829.186810,10.7,1.957701,8.9,7.0
1788274325.999713,-32.842992,-70.135022,2832.607952,4.3,1.652160,7.7,6.3
1788274331.999697,-32.842888,-70.134993,2834.185461,10.6,1.781955,7.4,6.4
1788274337.999681,-32.842787,-70.134971,2836.848310,12.2,1.839993,7.9,6.8
1788274343.999666,-32.842695,-70.134953,2840.017287,11.9,1.898534,7.8,6.4
1788274349.999650,-32.842596,-70.134932,2842.601182,12.3,1.891181,7.5,6.4
1788274355.999633,-32.842489,-70.134910,2845.532564,10.8,1.938689,8.1,6.9
1788274362.000057,-32.842386,-70.134886,2847.921422,10.9,1.947270,8.0,6.8
1788274369.000066,-32.842273,-70.134860,2850.512673,10.6,1.904773,7.7,6.5
1788274375.000063,-32.842177,-70.134839,2853.514515,8.0,1.830022,6.7,6.1
1788274381.000046,-32.842078,-70.134815,2856.979805,10.7,1.867568,13.3,9.5
1788274387.000030,-32.841978,-70.134794,2861.890532,10.3,1.892551,14.9,9.7
1788274394.000010,-32.841878,-70.134774,2866.056282,10.9,0.000000,12.8,10.4
1788274398.999995,-32.841783,-70.134752,2869.556406,11.2,1.910058,13.0,10.3
1788274404.999978,-32.841683,-70.134734,2875.656524,12.0,1.966232,12.4,10.4
1788274410.999961,-32.841586,-70.134716,2882.022187,11.4,1.978617,13.2,9.8
1788274416.999945,-32.841488,-70.134694,2887.748187,13.9,2.006911,12.4,9.8
1788274422.999927,-32.841450,-70.134688,2889.289944,10.7,0.000000,14.0,10.9
1788274422.999927,-32.841450,-70.134688,2889.289944,10.7,0.000000,14.0,10.9
1788274425.999918,-32.841354,-70.134657,2893.871799,14.7,1.780213,12.4,9.9
1788274431.999901,-32.841248,-70.134631,2896.309464,11.1,2.010739,11.6,9.4
1788274437.999884,-32.841150,-70.134612,2898.886762,10.9,0.000000,10.3,9.1
1788274437.999884,-32.841150,-70.134612,2898.886762,10.9,0.000000,10.3,9.1
1788274445.999861,-32.841037,-70.134587,2902.561444,14.8,0.000000,11.4,9.7
1788274450.999847,-32.840932,-70.134569,2906.708085,12.0,1.971068,11.4,9.6
1788274456.999829,-32.840834,-70.134549,2908.063803,8.8,2.158945,10.9,9.2
1788274462.999812,-32.840731,-70.134522,2908.353710,10.5,0.000000,12.5,9.9
1788274462.999812,-32.840731,-70.134522,2908.353710,10.5,0.000000,12.5,9.9
1788274467.999798,-32.840642,-70.134499,2909.254440,12.2,1.956367,11.4,9.4
1788274473.999780,-32.840539,-70.134477,2910.485332,10.9,1.898918,10.7,9.0
1788274479.999764,-32.840437,-70.134456,2911.379302,10.0,1.861136,11.7,9.1
1788274485.000236,-32.840346,-70.134439,2912.423898,10.3,2.004667,10.8,8.9
1788274491.000216,-32.840247,-70.134417,2913.405549,5.8,0.000000,10.1,8.4
1788274491.000216,-32.840247,-70.134417,2913.405549,5.8,0.000000,10.1,8.4
1788274497.000181,-32.840150,-70.134388,2913.129517,11.0,2.059406,9.7,8.2
1788274503.000113,-32.840047,-70.134365,2913.062231,11.9,0.000000,8.3,7.5
1788274503.000113,-32.840047,-70.134365,2913.062231,11.9,0.000000,8.3,7.5
1788274509.000059,-32.839942,-70.134344,2912.765329,10.3,1.962184,10.1,8.7
1788274515.000016,-32.839840,-70.134321,2912.612970,11.0,1.900019,9.6,8.4
1788274521.999992,-32.839736,-70.134300,2912.295598,11.9,1.482574,11.0,9.9
1788274529.999936,-32.839638,-70.134273,2911.040964,15.1,1.324107,11.8,10.1
1788274539.999893,-32.839489,-70.134245,2911.757116,10.1,2.234568,10.6,10.3
1788274543.999877,-32.839396,-70.134226,2912.275813,9.9,2.029118,8.4,9.2
1788274549.999854,-32.839289,-70.134196,2911.492975,12.4,0.000000,9.1,8.2
1788274549.999854,-32.839289,-70.134196,2911.492975,12.4,0.000000,9.1,8.2
1788274555.999832,-32.839191,-70.134183,2912.410150,12.2,1.955344,11.0,8.9
1788274560.999814,-32.839101,-70.134160,2912.993763,9.4,1.935725,11.7,10.4
1788274566.999792,-32.838995,-70.134138,2913.722971,8.1,1.931253,12.5,9.7
1788274572.999771,-32.838896,-70.134115,2915.134607,11.4,1.886800,12.3,9.2
1788274577.999754,-32.838807,-70.134093,2916.140946,10.9,1.921713,10.2,8.5
1788274583.999732,-32.838704,-70.134071,2917.852312,10.1,1.842423,7.5,7.2
1788274589.999712,-32.838611,-70.134049,2919.019496,9.3,0.000000,7.2,6.2
1788274594.999695,-32.838518,-70.134023,2921.016246,10.3,1.822530,6.7,5.7
1788274599.999677,-32.838429,-70.134003,2920.563100,9.2,1.907167,6.5,5.6
1788274604.999659,-32.838340,-70.133982,2920.539083,9.1,1.957701,6.2,5.5
1788274611.000075,-32.838235,-70.133962,2921.537864,7.5,1.940490,6.0,5.5
1788274617.000085,-32.838139,-70.133934,2921.514332,27.5,1.687649,7.0,6.0
1788274620.000085,-32.838031,-70.133921,2920.112455,5.5,4.457971,7.8,6.7
1788274623.000079,-32.837919,-70.133898,2919.714986,10.2,4.041544,7.3,6.5
1788274626.000065,-32.837824,-70.133882,2919.631780,6.2,3.427162,6.7,6.1
1788274630.000048,-32.837732,-70.133838,2919.523306,38.9,2.605222,6.3,5.8
1788274636.000023,-32.837700,-70.133770,2919.268319,42.2,0.000000,6.6,5.7
1788274636.000023,-32.837700,-70.133770,2919.268319,42.2,0.000000,6.6,5.7
1788274649.999967,-32.837613,-70.133717,2917.877487,28.4,1.255319,8.7,7.4
1788274654.999949,-32.837520,-70.133639,2917.146031,35.7,2.978083,7.6,7.4
1788274657.999937,-32.837438,-70.133577,2916.221724,33.8,3.393902,7.9,7.8
1788274660.999925,-32.837364,-70.133504,2915.955500,37.8,3.422473,7.4,8.2
1788274664.999910,-32.837294,-70.133419,2915.685351,47.2,2.588992,8.3,8.0
1788274669.999892,-32.837233,-70.133327,2915.653994,63.1,2.092821,7.7,8.0
1788274675.999868,-32.837177,-70.133249,2914.971741,47.5,0.000000,7.5,7.5
1788274675.999868,-32.837177,-70.133249,2914.971741,47.5,0.000000,7.5,7.5
1788274686.999827,-32.837119,-70.133150,2913.782978,62.2,1.196175,8.3,7.5
1788274748.000102,-32.837105,-70.133078,2913.123606,-1.0,0.000000,6.2,5.1
1788274808.999797,-32.837096,-70.133078,2912.023431,-1.0,0.000000,8.3,6.9
1788274848.999633,-32.837027,-70.132967,2909.387157,36.9,3.850349,5.9,6.2
1788274854.999609,-32.837015,-70.132964,2909.266881,32.2,0.000000,13.0,11.3
1788274854.999609,-32.837015,-70.132964,2909.266881,32.2,0.000000,13.0,11.3
1788274859.999588,-32.836915,-70.132907,2905.075839,38.3,4.761405,11.8,11.8
1788274861.999919,-32.836822,-70.132796,2898.478706,37.6,7.697979,11.1,11.2
1788274863.999918,-32.836657,-70.132730,2892.902854,21.9,10.001579,10.6,11.1
1788274864.999920,-32.836596,-70.132651,2889.509818,42.8,10.353525,9.9,9.2
1788274866.999920,-32.836492,-70.132473,2882.482938,45.9,10.957242,8.5,8.7
1788274867.999923,-32.836410,-70.132407,2878.236409,39.4,11.603501,7.7,7.7
1788274868.999928,-32.836323,-70.132297,2871.993556,45.2,13.832798,13.4,13.8
1788274869.999926,-32.836211,-70.132182,2865.890362,40.6,15.775253,13.2,13.3
1788274870.999931,-32.836086,-70.132074,2860.296397,38.2,17.227647,12.1,10.6
1788274871.999935,-32.835971,-70.131915,2858.193379,46.3,18.669686,10.7,9.3
1788274872.999935,-32.835899,-70.131766,2857.919930,57.1,17.124916,8.6,8.0
1788274873.999941,-32.835872,-70.131634,2859.509809,69.9,14.826258,13.6,11.6
1788274874.999943,-32.835862,-70.131487,2862.132679,80.9,13.623914,13.4,11.6
1788274876.999938,-32.835877,-70.131298,2865.568524,93.2,9.249387,8.1,7.2
1788274882.999919,-32.835860,-70.131218,2865.865533,22.8,0.000000,12.6,11.1
1788274882.999919,-32.835860,-70.131218,2865.865533,22.8,0.000000,12.6,11.1
1788274885.999909,-32.835880,-70.131386,2865.247177,264.6,5.189042,10.2,10.3
1788274887.999903,-32.835891,-70.131534,2861.698737,265.2,7.084539,9.5,9.3
1788274889.999896,-32.835909,-70.131682,2861.846654,259.0,6.794977,10.0,9.9
1788274894.999878,-32.835979,-70.131767,2861.872264,217.8,2.110864,10.9,10.3
1788274900.999857,-32.836015,-70.131764,2860.616662,128.8,0.000000,11.4,9.9
1788274900.999857,-32.836015,-70.131764,2860.616662,128.8,0.000000,11.4,9.9
1788274911.999816,-32.836033,-70.131641,2860.645458,87.1,1.618800,10.9,9.8
1788274918.999790,-32.836011,-70.131536,2861.165797,79.0,1.235308,12.2,10.4
1788274926.999759,-32.835988,-70.131430,2862.057009,75.6,1.394146,11.7,10.2
1788274934.999729,-32.835974,-70.131319,2863.203840,78.3,1.222199,11.5,10.7
1788274941.999702,-32.835953,-70.131208,2864.145638,80.6,1.375394,12.1,10.9
1788274949.999672,-32.835933,-70.131102,2865.149028,76.6,1.315999,11.8,10.8
1788274957.999641,-32.835923,-70.130987,2866.142403,87.1,1.400897,12.4,11.1
1788274965.999610,-32.835907,-70.130872,2867.826449,79.3,1.472930,11.7,10.0
1788274972.999583,-32.835886,-70.130764,2870.453560,73.7,1.687525,11.0,9.2
1788274981.999549,-32.835861,-70.130638,2871.276148,68.4,2.346412,11.6,10.4
1788274988.000063,-32.835800,-70.130544,2871.694724,54.3,0.000000,11.8,10.6
1788274988.000063,-32.835800,-70.130544,2871.694724,54.3,0.000000,11.8,10.6
1788274996.000065,-32.835713,-70.130489,2870.344095,14.1,1.413069,9.8,10.2
1788274999.000065,-32.835621,-70.130427,2869.766717,24.3,3.712834,10.1,9.9
1788275002.000056,-32.835533,-70.130385,2869.209283,18.5,3.423872,10.0,9.8
1788275005.000040,-32.835438,-70.130357,2870.109151,14.4,3.725022,9.4,10.2
1788275008.000025,-32.835337,-70.130304,2869.102386,28.1,4.641214,8.8,10.9
1788275010.000016,-32.835258,-70.130226,2867.112930,37.5,5.458913,10.4,10.8
1788275012.000005,-32.835185,-70.130153,2868.033613,40.2,4.944772,10.6,10.6
1788275013.999997,-32.835127,-70.130071,2867.371457,47.6,4.423926,10.8,10.8
1788275016.999982,-32.835087,-70.129975,2866.520561,66.9,3.096710,11.0,10.3
1788275020.999965,-32.835071,-70.129866,2867.365242,95.5,2.178933,8.5,10.9
1788275026.999938,-32.835061,-70.129901,2868.139520,59.4,0.000000,14.5,14.7
1788275026.999938,-32.835061,-70.129901,2868.139520,59.4,0.000000,14.5,14.7
1788275047.999851,-32.835047,-70.129789,2867.813202,66.6,1.841964,7.5,9.4
1788275055.999817,-32.835062,-70.129669,2867.901626,97.7,1.643565,11.3,13.9
1788275061.999794,-32.835038,-70.129549,2870.184850,73.4,1.964191,11.9,14.8
1788275084.999700,-32.835034,-70.129436,2871.322773,96.0,1.866960,13.8,18.2
1788275088.999684,-32.835044,-70.129327,2872.089802,107.0,2.703088,10.1,17.1
1788275092.999669,-32.835035,-70.129158,2870.305735,77.5,5.017972,10.1,15.8
1788275094.999664,-32.835010,-70.129036,2868.643668,79.1,6.236864,9.6,15.7
1788275097.999654,-32.834962,-70.128883,2869.161951,75.4,5.569904,8.3,15.6
1788275100.999644,-32.834910,-70.128726,2868.404637,76.2,4.995002,11.3,15.7
1788275103.999634,-32.834862,-70.128608,2867.623636,67.8,4.131780,11.2,15.5
1788275106.999624,-32.834835,-70.128476,2867.496128,70.4,3.603841,15.1,15.9
1788275109.999612,-32.834799,-70.128334,2865.378510,76.1,4.627915,13.7,15.8
1788275112.999602,-32.834805,-70.128226,2865.174423,101.4,2.919210,15.4,15.5
1788275119.000151,-32.834843,-70.128147,2864.685705,120.9,0.000000,17.9,17.3
1788275119.000151,-32.834843,-70.128147,2864.685705,120.9,0.000000,17.9,17.3
1788275123.000145,-32.834880,-70.128050,2864.894897,113.2,2.779995,18.2,17.1
1788275128.000122,-32.834920,-70.127929,2866.445152,113.8,2.085606,18.1,16.5
1788275133.000084,-32.834952,-70.127824,2866.560560,118.1,2.032637,18.2,16.5
1788275139.000045,-32.834974,-70.127710,2865.626792,98.3,0.000000,17.0,15.1
1788275139.000045,-32.834974,-70.127710,2865.626792,98.3,0.000000,17.0,15.1
1788275145.000009,-32.835000,-70.127600,2864.831792,115.8,1.977042,15.8,14.1
1788275154.999956,-32.835013,-70.127488,2862.890600,95.1,0.666196,14.4,12.3
1788275171.999875,-32.834982,-70.127385,2863.563011,344.5,0.232063,12.2,10.2
1788275180.999835,-32.834991,-70.127277,2862.994512,86.9,0.918319,12.8,10.6
1788275196.999763,-32.834994,-70.127156,2864.732699,86.6,2.571752,9.8,10.5
1788275202.999736,-32.834986,-70.127051,2867.859794,79.3,0.000000,12.6,10.6
1788275202.999736,-32.834986,-70.127051,2867.859794,79.3,0.000000,12.6,10.6
1788275207.999715,-32.834960,-70.126914,2870.452849,79.9,3.338794,3.6,10.5
1788275213.999688,-32.834993,-70.126826,2875.385109,83.8,0.000000,9.0,9.8
1788275213.999688,-32.834993,-70.126826,2875.385109,83.8,0.000000,9.0,9.8
1788275218.999666,-32.834988,-70.126718,2877.634330,102.1,2.291472,9.4,8.4
1788275224.999641,-32.834974,-70.126603,2879.383370,81.9,0.000000,8.1,8.3
1788275224.999641,-32.834974,-70.126603,2879.383370,81.9,0.000000,8.1,8.3
1788275232.999604,-32.834970,-70.126468,2881.995745,85.0,0.000000,7.9,8.0
1788275237.999583,-32.834975,-70.126352,2884.185242,91.5,1.996315,7.9,7.9
1788275245.000116,-32.834969,-70.126219,2886.726457,76.8,1.829688,7.9,7.4
1788275251.000081,-32.834968,-70.126103,2890.304807,87.9,1.828930,8.2,7.4
1788275257.000056,-32.834967,-70.125986,2894.289831,91.1,1.824449,7.3,7.0
1788275263.000020,-32.834968,-70.125873,2897.722400,88.8,1.851845,7.6,6.8
1788275269.999981,-32.834966,-70.125739,2902.534006,87.3,1.860708,7.5,6.6
1788275275.999949,-32.834959,-70.125630,2908.060750,89.0,1.892892,7.6,6.7
1788275281.999918,-32.834958,-70.125520,2912.375957,90.2,1.853924,8.1,7.1
1788275288.999884,-32.834958,-70.125389,2918.369615,90.3,1.855982,8.1,6.9
1788275294.999854,-32.834952,-70.125278,2923.165720,84.6,2.130981,8.6,7.5
1788275300.999826,-32.834952,-70.125174,2924.799593,89.1,0.000000,9.0,7.7
1788275300.999826,-32.834952,-70.125174,2924.799593,89.1,0.000000,9.0,7.7
1788275305.999802,-32.834948,-70.125061,2927.077125,86.2,1.783934,8.4,7.5
1788275314.999759,-32.834943,-70.124888,2933.104352,90.0,1.933947,8.7,7.4
1788275322.999722,-32.834941,-70.124743,2940.153435,88.1,1.774066,6.9,6.4
1788275327.999698,-32.834941,-70.124636,2942.447336,89.5,1.872042,7.6,6.5
1788275334.999665,-32.834936,-70.124509,2947.781885,87.0,1.829528,7.9,7.1
1788275340.999638,-32.834934,-70.124385,2948.728655,88.9,2.037768,8.1,7.4
1788275346.999609,-32.834934,-70.124278,2949.609131,88.0,0.000000,8.5,7.4
1788275346.999609,-32.834934,-70.124278,2949.609131,88.0,0.000000,8.5,7.4
1788275351.999585,-32.834935,-70.124164,2951.833145,89.5,1.872005,7.8,7.2
1788275357.999558,-32.834937,-70.124041,2952.697004,87.4,1.703164,7.0,6.8
1788275366.000033,-32.834945,-70.123884,2954.563241,90.2,1.855030,8.3,7.2
1788275376.000036,-32.834944,-70.123690,2957.735950,89.7,1.911565,9.2,8.0
1788275382.000018,-32.834943,-70.123570,2960.206278,89.5,1.843102,8.8,7.9
1788275389.999972,-32.834940,-70.123409,2963.613894,88.9,1.842851,9.4,8.4
1788275395.999941,-32.834932,-70.123286,2965.900411,86.3,1.876781,8.3,8.7
1788275401.999911,-32.834934,-70.123160,2969.656077,88.9,2.015739,9.3,8.6
1788275407.999881,-32.834937,-70.123041,2972.252628,89.3,0.000000,9.7,8.6
1788275407.999881,-32.834937,-70.123041,2972.252628,89.3,0.000000,9.7,8.6
1788275413.999851,-32.834933,-70.122926,2976.758228,86.1,1.682235,9.5,9.0
1788275420.999818,-32.834928,-70.122783,2976.998514,90.4,1.882024,9.9,9.5
1788275426.999788,-32.834927,-70.122662,2978.968161,91.4,1.970575,7.9,7.1
1788275432.999760,-32.834927,-70.122539,2980.725411,89.1,2.116728,7.4,7.3
1788275438.999731,-32.834928,-70.122416,2981.308383,90.7,0.000000,7.4,6.6
1788275438.999731,-32.834928,-70.122416,2981.308383,90.7,0.000000,7.4,6.6
1788275444.999703,-32.834919,-70.122304,2984.399828,87.6,1.864347,6.9,6.7
1788275450.999674,-32.834914,-70.122186,2986.812171,86.9,1.834292,6.6,7.0
1788275456.999645,-32.834918,-70.122061,2987.418753,84.7,1.926293,8.3,7.5
1788275461.999621,-32.834926,-70.121951,2986.916005,90.9,1.947734,8.4,7.5
1788275467.999593,-32.834921,-70.121831,2987.010503,88.8,1.924744,8.4,7.5
1788275473.999565,-32.834922,-70.121708,2988.049587,89.3,1.968227,7.4,6.7
1788275479.999536,-32.834919,-70.121585,2988.979562,88.7,1.855669,8.5,7.3
1788275485.999507,-32.834919,-70.121464,2990.705376,88.1,1.893814,8.0,7.1
1788275491.999943,-32.834918,-70.121348,2991.989839,90.3,1.810998,8.5,7.7
1788275497.999949,-32.834917,-70.121224,2992.036103,90.3,1.845625,8.7,7.4
1788275503.999959,-32.834914,-70.121103,2992.314382,87.0,1.955489,7.7,7.1
1788275510.999945,-32.834843,-70.121030,2991.976874,23.6,0.604928,7.6,7.0
1788275530.999869,-32.834752,-70.120995,2990.664340,0.6,1.277469,7.8,6.6
1788275538.999835,-32.834649,-70.120992,2989.913521,350.1,2.091896,7.1,7.2
1788275544.999808,-32.834583,-70.121010,2990.489375,353.3,0.000000,8.6,7.9
1788275544.999808,-32.834583,-70.121010,2990.489375,353.3,0.000000,8.6,7.9
1788275549.999786,-32.834490,-70.120985,2987.957158,9.1,1.920726,9.6,8.8
1788275554.999764,-32.834374,-70.120971,2989.964268,3.9,3.270681,9.3,8.9
1788275557.999750,-32.834244,-70.120958,2988.415603,2.4,4.949672,8.7,9.0
1788275559.999741,-32.834151,-70.120988,2988.623065,341.4,5.293285,8.6,9.0
1788275561.999733,-32.834073,-70.121063,2987.167391,316.4,5.470456,8.1,9.3
1788275563.999723,-32.834016,-70.121176,2986.242021,301.1,6.171514,8.2,9.6
1788275565.999714,-32.833956,-70.121294,2984.343070,301.2,6.530220,8.4,9.6
1788275567.999705,-32.833903,-70.121400,2984.258073,301.2,6.029682,9.1,9.9
1788275569.999695,-32.833835,-70.121508,2983.850758,305.8,6.308172,9.1,10.1
1788275572.999682,-32.833776,-70.121635,2983.723936,301.1,4.825675,8.5,9.4
1788275575.999668,-32.833719,-70.121746,2982.170917,302.7,4.241079,9.1,11.6
1788275578.999655,-32.833645,-70.121851,2982.131487,312.8,3.874264,8.9,12.3
1788275581.999641,-32.833579,-70.121925,2983.618205,311.0,2.923228,10.1,11.8
1788275585.999622,-32.833563,-70.122039,2981.952843,245.1,3.352816,10.4,12.9
1788275591.999595,-32.833616,-70.122079,2981.663668,194.6,0.000000,9.6,12.0
1788275591.999595,-32.833616,-70.122079,2981.663668,194.6,0.000000,9.6,12.0
1788275596.999572,-32.833633,-70.122215,2977.370350,297.0,4.504431,9.0,12.3
1788275599.999558,-32.833655,-70.122357,2976.006940,232.9,5.268530,9.5,12.1
1788275601.999549,-32.833772,-70.122418,2974.687893,209.4,7.068169,9.0,11.3
1788275603.999540,-32.833751,-70.122542,2970.084087,286.1,5.518805,9.5,12.1
1788275605.999531,-32.833676,-70.122614,2970.806641,327.0,4.782303,11.1,11.6
1788275608.999517,-32.833654,-70.122750,2968.916101,256.1,5.256330,10.2,11.0
1788275610.999508,-32.833758,-70.122790,2966.120288,198.5,6.495353,9.8,10.8
1788275612.999499,-32.833842,-70.122911,2962.938846,237.4,7.613978,7.9,10.1
1788275614.999490,-32.833795,-70.123026,2958.690027,296.0,6.028223,11.1,12.6
1788275618.000028,-32.833692,-70.123070,2957.310950,337.4,4.160035,10.7,11.9
1788275621.000030,-32.833701,-70.123209,2955.938458,236.4,5.531137,10.3,11.9
1788275623.000027,-32.833769,-70.123345,2953.740063,246.1,7.506846,9.0,11.9
1788275625.000029,-32.833684,-70.123446,2950.058641,318.1,6.128131,18.1,19.8
1788275627.000029,-32.833584,-70.123474,2947.703913,339.5,6.274662,16.8,18.1
1788275629.000025,-32.833561,-70.123602,2944.772370,274.4,6.310741,14.7,17.0
1788275631.000027,-32.833646,-70.123712,2942.161077,226.3,7.139381,15.3,17.3
1788275633.000017,-32.833691,-70.123851,2938.988909,258.2,7.386936,12.2,15.9
1788275635.000006,-32.833594,-70.123941,2934.618780,326.5,6.666730,18.3,20.4
1788275636.999997,-32.833495,-70.123977,2934.465006,336.1,5.956620,16.0,18.2
1788275639.999982,-32.833515,-70.124116,2931.894570,227.7,4.858476,14.9,17.0
1788275641.999973,-32.833549,-70.124240,2927.680218,261.9,6.456235,13.1,16.3
1788275643.999965,-32.833490,-70.124354,2925.385774,304.5,6.335719,13.8,14.8
1788275645.999954,-32.833423,-70.124493,2924.525561,293.1,7.364226,15.0,16.9
1788275647.999945,-32.833513,-70.124591,2922.785143,218.0,6.610353,13.5,14.9
1788275649.999935,-32.833537,-70.124732,2920.379725,267.6,6.974982,15.7,20.3
1788275651.999926,-32.833479,-70.124858,2916.079924,295.6,7.169783,15.7,17.9
1788275653.999916,-32.833421,-70.125029,2913.752031,290.7,8.965841,15.3,16.8
1788275655.999908,-32.833407,-70.125235,2909.598393,273.7,9.928397,10.4,10.9
1788275656.999902,-32.833403,-70.125344,2909.272563,272.1,10.103751,8.1,8.4
1788275657.999897,-32.833403,-70.125451,2907.937187,270.1,10.114965,6.1,6.4
1788275659.999888,-32.833519,-70.125606,2905.886345,221.9,9.622637,8.5,8.9
1788275661.999879,-32.833615,-70.125588,2903.109749,177.4,5.478151,8.7,10.3
1788275667.999851,-32.833684,-70.125571,2901.282692,171.3,0.000000,9.3,10.2
1788275667.999851,-32.833684,-70.125571,2901.282692,171.3,0.000000,9.3,10.2
1788275670.999837,-32.833807,-70.125573,2899.156964,186.4,4.289970,7.9,9.6
1788275672.999827,-32.833916,-70.125652,2897.056451,218.9,6.840973,8.9,10.8
1788275674.999818,-32.833911,-70.125817,2892.109088,276.4,7.433369,9.7,11.4
1788275676.999809,-32.833892,-70.125967,2888.879863,265.3,7.856114,8.9,10.8
1788275678.999800,-32.834021,-70.126020,2886.458359,197.3,7.591503,9.2,11.4
1788275680.999790,-32.834141,-70.126094,2882.976261,219.8,7.782211,10.1,10.6
1788275682.999781,-32.834115,-70.126239,2880.348694,281.5,6.790672,8.3,9.0
1788275684.999772,-32.834165,-70.126386,2877.242399,240.4,7.445044,7.4,8.8
1788275686.999762,-32.834274,-70.126445,2876.457301,206.5,6.991264,8.5,8.6
1788275688.999753,-32.834371,-70.126564,2874.590443,228.4,8.259429,9.2,10.3
1788275690.999744,-32.834422,-70.126753,2869.074581,252.1,9.684575,12.4,14.7
1788275691.999739,-32.834451,-70.126864,2865.080401,253.1,10.918623,12.2,13.7
1788275692.999734,-32.834475,-70.126997,2862.952232,257.2,12.212387,10.0,11.6
1788275693.999730,-32.834483,-70.127130,2861.975632,263.1,12.592213,6.8,8.1
1788275694.999725,-32.834479,-70.127260,2861.853017,268.7,12.364842,8.6,9.8
1788275695.999721,-32.834472,-70.127387,2860.499933,272.2,11.980424,6.2,7.3
1788275696.999715,-32.834463,-70.127512,2861.632547,274.2,11.745262,5.5,6.7
1788275697.999711,-32.834458,-70.127625,2859.912250,274.2,11.119472,6.8,8.4
1788275698.999707,-32.834444,-70.127739,2859.021820,277.1,11.032894,6.4,8.3
1788275700.999698,-32.834431,-70.127951,2859.767408,273.4,10.285362,5.7,6.6
1788275702.999688,-32.834444,-70.128100,2858.233277,269.5,7.886376,5.3,6.2
1788275704.999679,-32.834384,-70.128242,2857.447300,300.2,7.532961,9.6,10.3
1788275706.999669,-32.834342,-70.128370,2852.905572,289.1,7.274151,8.0,8.9
1788275708.999661,-32.834304,-70.128502,2852.228243,288.2,6.597148,8.5,8.7
1788275710.999652,-32.834273,-70.128622,2850.454326,287.2,5.985030,10.0,10.7
1788275712.999642,-32.834253,-70.128745,2850.488204,278.0,5.838974,11.4,11.3
1788275714.999632,-32.834258,-70.128858,2850.553416,267.8,5.362879,10.4,10.8
1788275720.999604,-32.834278,-70.128951,2852.186026,309.1,0.000000,10.2,10.4
1788275720.999604,-32.834278,-70.128951,2852.186026,309.1,0.000000,10.2,10.4
1788275726.999577,-32.834223,-70.129043,2851.668295,284.0,1.399596,10.2,11.3
1788275740.999512,-32.834146,-70.129119,2847.964737,74.2,0.172594,14.7,12.3
1788275758.000052,-32.834066,-70.129055,2847.029334,49.8,0.605340,11.5,10.2
1788275773.999968,-32.834034,-70.128948,2849.896481,65.4,2.858587,10.4,10.6
1788275779.999938,-32.833961,-70.128819,2850.654683,67.0,0.000000,8.4,9.7
1788275779.999938,-32.833961,-70.128819,2850.654683,67.0,0.000000,8.4,9.7
1788275786.999903,-32.833902,-70.128726,2849.803785,66.2,2.709341,9.1,9.7
1788275792.999875,-32.833838,-70.128617,2851.660910,57.2,0.000000,8.8,8.9
1788275792.999875,-32.833838,-70.128617,2851.660910,57.2,0.000000,8.8,8.9
1788275797.999850,-32.833787,-70.128517,2853.677051,59.4,2.051082,8.1,8.1
1788275802.999826,-32.833740,-70.128415,2856.074765,61.2,0.000000,8.0,7.9
1788275802.999826,-32.833740,-70.128415,2856.074765,61.2,0.000000,8.0,7.9
1788275807.999803,-32.833692,-70.128310,2858.400953,61.7,2.281779,7.7,8.2
1788275812.999778,-32.833641,-70.128217,2860.694566,57.2,1.989257,7.9,8.2
1788275817.999755,-32.833591,-70.128119,2864.673883,61.7,2.292273,7.6,7.7
1788275822.999730,-32.833537,-70.128018,2869.107890,52.5,2.885180,7.3,7.3
1788275827.999707,-32.833489,-70.127925,2870.132646,61.1,2.004584,7.3,7.5
1788275832.999683,-32.833439,-70.127822,2873.619823,57.8,0.000000,8.3,8.9
1788275832.999683,-32.833439,-70.127822,2873.619823,57.8,0.000000,8.3,8.9
1788275837.999659,-32.833397,-70.127720,2874.842150,61.1,2.205899,8.0,9.4
1788275842.999635,-32.833358,-70.127620,2877.531740,59.9,0.000000,9.0,9.3
1788275842.999635,-32.833358,-70.127620,2877.531740,59.9,0.000000,9.0,9.3
1788275848.999606,-32.833301,-70.127507,2880.879994,56.3,2.153680,9.3,9.5
1788275853.999582,-32.833260,-70.127408,2884.128847,62.6,2.175758,9.7,10.0
1788275858.999558,-32.833210,-70.127317,2888.073025,57.7,1.981240,8.7,9.3
1788275863.999535,-32.833155,-70.127224,2892.032448,55.6,2.182845,9.3,9.2
1788275868.999511,-32.833109,-70.127128,2896.064834,59.8,2.117786,9.5,9.7
1788275874.000035,-32.833066,-70.127027,2898.765441,59.4,0.000000,8.9,9.4
1788275874.000035,-32.833066,-70.127027,2898.765441,59.4,0.000000,8.9,9.4
1788275879.000024,-32.833021,-70.126925,2903.308530,63.2,2.097918,10.2,10.1
1788275884.000014,-32.832972,-70.126832,2908.225498,57.6,2.128344,10.3,10.2
1788275889.999983,-32.832927,-70.126744,2915.265316,55.2,0.766331,10.1,10.6
1788275889.999983,-32.832927,-70.126744,2915.265316,55.2,0.000000,10.1,10.6
1788275894.999957,-32.832883,-70.126644,2919.281539,57.8,1.961738,9.9,10.4
1788275900.999927,-32.832835,-70.126534,2924.109273,60.6,1.954199,11.4,11.2
1788275905.999902,-32.832789,-70.126439,2927.680265,59.9,2.098198,10.6,11.3
1788275911.999873,-32.832741,-70.126333,2933.145413,60.1,0.000000,12.0,11.8
1788275911.999873,-32.832741,-70.126333,2933.145413,60.1,0.000000,12.0,11.8
1788275917.999844,-32.832684,-70.126221,2938.725722,58.9,2.076245,12.5,11.0
1788275923.999815,-32.832632,-70.126117,2945.230066,60.1,0.671372,10.4,9.9
1788275923.999815,-32.832632,-70.126117,2945.230066,60.1,0.000000,10.4,9.9
1788275928.999790,-32.832585,-70.126020,2949.809085,63.3,1.987032,9.5,8.9
1788275934.999761,-32.832535,-70.125912,2957.048914,63.1,2.165138,9.5,8.7
1788275940.999732,-32.832482,-70.125812,2963.830023,58.7,0.813160,9.0,8.8
1788275940.999732,-32.832482,-70.125812,2963.830023,58.7,0.000000,9.0,8.8
1788275946.999703,-32.832429,-70.125710,2971.188005,59.0,1.698405,9.1,8.6
1788275952.999674,-32.832374,-70.125598,2977.421759,58.0,2.021180,7.9,8.4
1788275958.999645,-32.832326,-70.125492,2983.238510,63.1,0.000000,9.5,8.9
1788275958.999645,-32.832326,-70.125492,2983.238510,63.1,0.000000,9.5,8.9
1788275964.999616,-32.832280,-70.125392,2989.463809,65.2,1.796382,9.1,8.8
1788275970.999588,-32.832226,-70.125287,2994.962425,53.7,1.944129,8.5,8.8
1788275976.999559,-32.832178,-70.125182,3005.123284,61.5,2.119274,9.4,9.2
1788275982.999530,-32.832114,-70.125093,3008.718046,40.2,0.000000,7.3,10.1
1788275982.999530,-32.832114,-70.125093,3008.718046,40.2,0.000000,7.3,10.1
1788275988.999500,-32.832051,-70.125002,3020.919969,42.7,2.095934,6.3,11.4
1788275993.999477,-32.832020,-70.124895,3027.811536,53.1,2.292993,12.1,11.3
1788275999.999878,-32.831968,-70.124801,3036.189956,51.4,1.202073,8.8,11.4
1788275999.999878,-32.831968,-70.124801,3036.189956,51.4,0.000000,8.8,11.4
1788276006.999896,-32.831907,-70.124666,3041.966707,60.0,1.881704,10.6,12.4
1788276014.999900,-32.831849,-70.124534,3052.039709,65.5,1.932662,8.8,11.2
1788276020.999886,-32.831792,-70.124443,3059.355006,55.5,2.098025,9.5,12.4
1788276026.999867,-32.831748,-70.124341,3068.629541,61.7,1.212338,10.0,11.9
1788276026.999867,-32.831748,-70.124341,3068.629541,61.7,0.000000,10.0,11.9
1788276033.999842,-32.831704,-70.124236,3077.725291,56.8,1.820030,9.1,11.1
1788276039.999819,-32.831655,-70.124138,3087.299346,55.0,1.889108,7.4,10.0
1788276045.999795,-32.831608,-70.124043,3096.581113,59.9,1.822955,7.0,9.3
1788276051.999770,-32.831562,-70.123946,3104.870577,61.2,2.124593,9.7,9.0
1788276057.999744,-32.831516,-70.123850,3113.645687,60.5,1.496689,7.3,8.7
1788276057.999744,-32.831516,-70.123850,3113.645687,60.5,0.000000,7.3,8.7
1788276063.999718,-32.831471,-70.123748,3121.564670,58.8,1.774584,8.9,8.6
1788276070.999688,-32.831418,-70.123644,3129.915277,59.0,2.083236,7.9,8.5
1788276076.999661,-32.831364,-70.123533,3135.762966,56.4,0.000000,8.7,8.3
1788276076.999661,-32.831364,-70.123533,3135.762966,56.4,0.000000,8.7,8.3
1788276081.999639,-32.831320,-70.123430,3138.171831,62.2,2.244479,8.4,7.3
1788276087.999612,-32.831267,-70.123324,3142.116521,62.3,0.000000,6.5,6.8
1788276087.999612,-32.831267,-70.123324,3142.116521,62.3,0.000000,6.5,6.8
1788276092.999590,-32.831227,-70.123223,3146.150562,66.5,2.121306,5.8,6.8
1788276097.999567,-32.831174,-70.123123,3149.217667,60.7,2.156393,6.2,6.2
1788276102.999545,-32.831127,-70.123021,3152.838044,64.5,2.210319,6.7,5.9
1788276107.999524,-32.831081,-70.122928,3156.474990,64.4,0.000000,5.6,5.8
1788276107.999524,-32.831081,-70.122928,3156.474990,64.4,0.000000,5.6,5.8
1788276112.999501,-32.831030,-70.122825,3160.831038,58.1,2.158527,5.9,5.7
1788276118.999474,-32.830976,-70.122717,3163.721610,60.2,0.000000,6.2,6.4
1788276118.999474,-32.830976,-70.122717,3163.721610,60.2,0.000000,6.2,6.4
1788276123.999982,-32.830922,-70.122612,3164.702708,59.3,2.262762,5.8,7.2
1788276128.999990,-32.830873,-70.122511,3165.244521,60.0,2.290270,5.8,7.2
1788276133.999988,-32.830826,-70.122419,3165.409756,58.5,2.209099,6.3,7.0
1788276138.999976,-32.830774,-70.122320,3168.053395,56.9,2.099916,5.8,6.7
1788276141.999965,-32.830736,-70.122217,3165.834832,58.6,4.040211,6.6,6.6
1788276143.999956,-32.830677,-70.122113,3165.584998,54.6,5.545983,6.6,6.7
1788276146.999944,-32.830612,-70.121993,3165.683940,56.4,4.049239,7.0,6.8
1788276150.999927,-32.830551,-70.121893,3166.095778,57.5,2.637102,6.7,6.7
1788276155.999905,-32.830490,-70.121812,3166.459077,47.0,1.374722,7.2,6.7
1788276163.999871,-32.830436,-70.121724,3166.151263,56.2,1.555953,7.2,6.6
1788276176.999815,-32.830365,-70.121641,3162.948063,43.6,0.731071,8.4,7.1
1788276188.999762,-32.830292,-70.121562,3162.608637,39.9,1.377090,7.8,7.3
1788276198.999718,-32.830209,-70.121486,3161.849649,36.6,1.722887,9.3,9.2
1788276203.999696,-32.830123,-70.121407,3160.955026,36.7,2.864722,8.7,8.9
1788276207.999678,-32.830034,-70.121315,3160.342682,44.6,3.340042,9.2,9.8
1788276212.999656,-32.829980,-70.121227,3161.023454,72.4,1.121269,9.1,10.1
1788276219.999626,-32.829976,-70.121115,3162.063401,76.3,1.438267,10.7,10.4
1788276280.999946,-32.830006,-70.121068,3160.249220,110.0,2.441669,10.6,11.2
1788276283.999932,-32.830034,-70.120940,3159.576988,106.0,4.274134,10.5,11.1
1788276285.999923,-32.830116,-70.120885,3159.491612,166.1,5.468052,10.0,11.1
1788276287.999914,-32.830227,-70.120977,3155.696744,202.9,7.370106,10.8,11.1
1788276289.999905,-32.830286,-70.120836,3150.505945,117.4,6.838016,9.3,11.0
1788276291.999896,-32.830319,-70.120724,3151.479561,104.4,5.205720,9.0,10.3
1788276294.999882,-32.830408,-70.120736,3146.094630,222.2,5.309118,8.0,10.1
1788276296.999874,-32.830462,-70.120858,3145.820497,247.7,5.909470,8.4,11.7
1788276299.999860,-32.830552,-70.120883,3138.849942,155.3,4.718920,12.2,13.9
1788276301.999851,-32.830605,-70.120796,3136.275769,126.0,4.832557,11.7,14.1
1788276303.999841,-32.830663,-70.120702,3137.085909,160.5,5.212160,15.1,15.8
1788276305.999832,-32.830733,-70.120802,3130.472810,234.7,6.746464,12.8,15.1
1788276308.999820,-32.830820,-70.120831,3123.761582,149.3,4.734233,12.6,15.6
1788276310.999810,-32.830872,-70.120715,3122.660700,113.1,5.941337,13.0,14.9
1788276313.999796,-32.830950,-70.120633,3123.107818,180.5,5.212110,13.4,13.9
1788276315.999787,-32.830992,-70.120757,3114.399587,249.9,6.394432,10.9,13.9
1788276319.999770,-32.831082,-70.120797,3109.076423,150.5,5.143393,10.1,13.9
1788276321.999761,-32.831142,-70.120693,3107.558413,118.3,5.333300,12.0,14.5
1788276324.999746,-32.831260,-70.120707,3103.118664,213.8,6.196570,10.6,13.3
1788276328.999729,-32.831280,-70.120815,3101.999335,244.7,0.701707,9.8,13.5
1788276352.999621,-32.831358,-70.120905,3102.059935,217.2,3.000385,9.5,15.4
1788276354.999612,-32.831457,-70.120868,3094.901458,149.3,5.773696,8.3,14.6
1788276356.999603,-32.831538,-70.120767,3094.874113,147.5,5.934025,9.0,15.1
1788276358.999594,-32.831630,-70.120859,3087.586284,231.4,6.617200,7.2,12.8
1788276360.999585,-32.831680,-70.120981,3081.149644,224.7,7.313549,6.2,13.1
1788276362.999576,-32.831808,-70.120882,3072.205968,143.3,7.891914,7.2,17.9
1788276365.999562,-32.831897,-70.120809,3074.117244,163.9,3.702522,10.8,15.5
1788276368.999549,-32.831969,-70.120895,3067.396508,224.6,5.719750,10.9,13.4
1788276370.999540,-32.832019,-70.121045,3061.712215,243.9,7.871947,8.3,11.6
1788276372.999532,-32.832141,-70.121053,3052.868529,172.0,7.028400,8.0,12.9
1788276375.000082,-32.832241,-70.120981,3055.130163,147.2,5.274504,7.9,11.4
1788276381.000067,-32.832235,-70.120987,3052.552336,150.6,0.000000,11.0,11.5
1788276381.000067,-32.832235,-70.120987,3052.552336,150.6,0.000000,11.0,11.5
1788276415.999900,-32.832346,-70.121009,3046.418829,204.2,4.412630,12.8,12.5
1788276417.999890,-32.832358,-70.121128,3041.499825,263.6,5.357532,9.2,12.5
1788276419.999880,-32.832409,-70.121264,3038.138337,233.1,6.834462,9.7,13.1
1788276421.999870,-32.832544,-70.121231,3033.125130,168.5,7.339194,9.5,11.5
1788276423.999860,-32.832657,-70.121147,3031.388706,152.9,7.480161,8.5,9.2
1788276425.999852,-32.832806,-70.121237,3025.163409,211.9,9.364656,6.2,9.1
1788276427.999842,-32.832794,-70.121398,3018.645493,260.6,7.546415,7.2,10.4
1788276429.999832,-32.832817,-70.121521,3015.911874,238.2,5.382426,7.5,11.1
1788276435.999804,-32.832885,-70.121559,3014.611511,185.8,0.000000,10.2,10.8
1788276435.999804,-32.832885,-70.121559,3014.611511,185.8,0.000000,10.2,10.8
1788276441.999775,-32.832997,-70.121561,3011.218808,174.2,2.950216,7.0,8.6
1788276444.999761,-32.833139,-70.121592,3006.788068,209.8,6.428032,6.5,8.3
1788276446.999752,-32.833142,-70.121759,3000.262623,266.8,7.597444,6.0,10.1
1788276448.999743,-32.833141,-70.121920,2996.245439,260.7,8.036517,6.4,11.8
1788276450.999733,-32.833273,-70.121967,2991.178524,194.9,7.351181,6.3,11.1
1788276452.999724,-32.833442,-70.121907,2989.324574,167.9,9.027576,7.2,11.0
1788276454.999714,-32.833539,-70.122024,2984.172378,229.3,7.937336,8.3,14.8
1788276456.999704,-32.833513,-70.122178,2981.236394,279.7,7.553197,9.3,13.7
1788276458.999695,-32.833442,-70.122337,2978.541991,301.2,8.358599,8.1,11.6
1788276460.999686,-32.833366,-70.122482,2976.451201,303.2,8.065015,6.5,9.1
1788276462.999676,-32.833383,-70.122633,2974.426721,252.9,7.176125,5.7,7.4
1788276464.999668,-32.833501,-70.122623,2970.632940,183.0,6.266116,5.9,7.7
1788276466.999658,-32.833590,-70.122725,2968.526249,231.4,7.298633,5.3,7.0
1788276468.999649,-32.833582,-70.122862,2965.250752,281.2,6.514834,6.9,8.9
1788276471.999635,-32.833501,-70.122985,2963.907385,298.0,5.306906,7.2,9.0
1788276475.999617,-32.833582,-70.123052,2960.010728,201.5,2.016316,7.1,8.2
1788276481.999588,-32.833635,-70.123078,2958.780741,207.8,0.000000,6.5,7.6
1788276481.999588,-32.833635,-70.123078,2958.780741,207.8,0.000000,6.5,7.6
1788276484.999575,-32.833712,-70.123203,2955.806111,234.4,5.733189,6.5,7.4
1788276486.999565,-32.833788,-70.123349,2952.773660,237.9,8.135207,6.6,7.7
1788276488.999556,-32.833906,-70.123503,2948.854434,226.3,9.775621,6.0,7.2
1788276490.999546,-32.834056,-70.123648,2945.184675,220.6,10.812834,5.5,6.6
1788276491.999541,-32.834119,-70.123732,2943.089306,224.7,10.949690,4.3,5.5
1788276492.999538,-32.834198,-70.123831,2942.633717,227.0,11.936579,4.1,5.1
1788276493.999533,-32.834259,-70.123923,2940.311051,230.5,11.689111,3.9,4.8
1788276494.999528,-32.834323,-70.124033,2939.205663,234.0,12.050236,4.8,5.7
1788276495.999523,-32.834389,-70.124135,2939.107880,233.7,11.660637,4.8,5.6
1788276496.999518,-32.834457,-70.124228,2938.839708,230.7,11.461613,4.7,5.4
1788276498.999510,-32.834567,-70.124374,2939.114244,228.7,9.333328,3.9,4.4
1788276501.000063,-32.834659,-70.124508,2939.277116,229.9,7.849283,4.5,5.2
1788276503.000064,-32.834763,-70.124599,2938.662688,212.1,7.108395,4.9,6.0
1788276505.000060,-32.834869,-70.124596,2938.560962,179.9,5.741478,5.7,6.9
1788276507.000064,-32.834959,-70.124581,2938.106559,173.6,5.111554,5.4,6.6
1788276509.000062,-32.835071,-70.124566,2936.224918,173.3,6.524841,5.1,6.4
1788276511.000056,-32.835198,-70.124479,2932.158885,146.9,7.820542,5.3,5.8
1788276513.000057,-32.835354,-70.124367,2927.589556,153.0,10.333002,5.4,5.5
1788276514.000051,-32.835446,-70.124388,2927.576283,180.4,9.920941,4.5,5.2
1788276516.000039,-32.835490,-70.124556,2924.383541,252.3,7.547096,3.6,5.0
1788276518.000028,-32.835425,-70.124701,2925.408922,294.7,7.187645,5.2,5.8
1788276520.000017,-32.835391,-70.124854,2923.506989,283.9,7.592363,7.0,7.4
1788276522.000007,-32.835337,-70.125008,2918.842335,296.3,8.313342,7.2,8.3
1788276523.999996,-32.835235,-70.125157,2915.655300,308.8,8.765796,10.4,12.5
1788276525.999986,-32.835204,-70.125371,2909.952895,273.6,10.346025,7.0,8.9
1788276526.999981,-32.835246,-70.125469,2905.939474,254.6,10.833177,6.6,8.6
1788276527.999975,-32.835291,-70.125592,2903.867256,251.7,12.279275,6.9,8.9
1788276528.999971,-32.835319,-70.125739,2899.193741,258.1,13.772525,10.4,12.7
1788276529.999966,-32.835322,-70.125910,2894.136521,265.1,15.282156,10.6,15.3
1788276530.999960,-32.835336,-70.126073,2888.669788,264.6,15.890864,6.1,10.2
1788276531.999955,-32.835362,-70.126231,2884.344592,259.7,16.231922,5.0,10.0
1788276532.999950,-32.835404,-70.126413,2882.970854,255.1,16.739928,3.4,7.7
1788276533.999945,-32.835448,-70.126563,2881.876829,252.9,15.645529,3.3,9.6
1788276534.999940,-32.835479,-70.126681,2881.710078,252.7,13.206994,3.8,12.9
1788276535.999935,-32.835497,-70.126831,2883.959110,256.2,12.355874,3.8,18.0
1788276536.999930,-32.835522,-70.126964,2882.462520,257.5,11.718343,4.2,24.1
1788276537.999925,-32.835549,-70.127085,2880.723003,258.1,11.206566,4.6,31.2
1788276538.999921,-32.835391,-70.127500,2877.969054,278.4,15.975988,4.3,23.7
1788276539.999915,-32.835486,-70.127812,2882.079339,270.7,18.719560,4.0,22.2
1788276540.999910,-32.835501,-70.128036,2880.692638,271.5,19.484747,4.2,23.7
1788276541.999905,-32.835562,-70.128151,2886.286178,265.3,17.947895,3.6,25.4
1788276543.999895,-32.835668,-70.128260,2890.797218,265.0,14.275392,6.0,25.6
1788276545.999885,-32.835687,-70.128470,2892.185886,262.9,12.577435,6.0,26.1
1788276547.999876,-32.835617,-70.128624,2891.361421,279.8,11.274540,6.0,23.5
1788276548.999870,-32.835590,-70.128754,2891.009859,281.6,11.088934,6.0,23.7
1788276549.999867,-32.835493,-70.128827,2890.888765,294.6,11.057051,6.0,24.0
1788276550.999861,-32.835438,-70.128917,2889.457367,295.3,10.446063,6.0,24.7
1788276552.999851,-32.835312,-70.129010,2889.037444,305.8,9.534659,6.0,25.5
1788276553.999846,-32.835227,-70.129075,2888.128264,309.7,9.543401,6.0,25.0
1788280778.116249,-32.834947,-70.129420,2872.771154,-1.0,-1.000000,30.0,55.0
1788280816.946699,-32.835025,-70.129489,2869.950279,-1.0,0.000000,48.0,14.0
1788280816.946699,-32.835025,-70.129489,2869.950279,-1.0,0.000000,48.0,14.0
1788280818.947431,-32.835039,-70.129502,2871.603843,-1.0,0.000000,8.0,3.5
1788280824.999863,-32.835025,-70.129485,2874.375328,-1.0,0.000000,6.0,3.5
1788280824.999863,-32.835025,-70.129485,2874.375328,-1.0,0.000000,6.0,3.5
1788280830.999979,-32.835033,-70.129481,2872.706626,66.7,0.000000,8.0,4.7
1788280830.999979,-32.835033,-70.129481,2872.706626,66.7,0.000000,8.0,4.7
1788280836.000059,-32.835040,-70.129481,2874.027671,-1.0,0.000000,5.3,4.7
1788280836.000059,-32.835040,-70.129481,2874.027671,-1.0,0.000000,5.3,4.7
1788280842.000184,-32.835043,-70.129432,2872.409263,86.4,0.000000,5.3,4.7
1788280842.000184,-32.835043,-70.129432,2872.409263,86.4,0.000000,5.3,4.7
1788280848.000305,-32.835059,-70.129308,2871.954918,98.4,0.000000,5.3,4.7
1788280848.000305,-32.835059,-70.129308,2871.954918,98.4,0.000000,5.3,4.7
1788280852.000383,-32.835025,-70.129165,2872.010591,74.4,4.202692,9.3,11.6
1788280854.000422,-32.834993,-70.129044,2869.689108,68.6,5.143982,9.1,11.2
1788280856.000460,-32.834892,-70.129036,2867.738120,15.1,4.615512,11.1,12.3
1788280858.000499,-32.834793,-70.129041,2867.426623,354.8,4.907851,16.2,16.8
1788280860.000537,-32.834656,-70.129024,2865.522516,9.1,6.863668,11.6,13.7
1788280861.000557,-32.834557,-70.129020,2865.202027,4.7,8.101902,9.5,10.7
1788280863.000594,-32.834440,-70.129086,2861.331446,337.6,6.435810,9.0,10.7
1788280865.000632,-32.834327,-70.129107,2857.583822,353.9,6.005315,10.4,11.8
1788280869.000707,-32.834224,-70.129100,2852.501906,22.7,2.077011,12.5,12.3
1788280875.000818,-32.834177,-70.129133,2850.181047,323.0,0.000000,11.2,11.0
1788280875.000818,-32.834177,-70.129133,2850.181047,323.0,0.000000,11.2,11.0
1788280904.001327,-32.834086,-70.129108,2851.585305,75.6,1.367833,10.2,8.7
1788280910.001434,-32.834037,-70.129017,2851.274643,72.2,0.495237,10.4,9.0
1788280923.001669,-32.833970,-70.128880,2850.791815,62.3,3.361510,9.7,8.1
1788280929.001778,-32.833915,-70.128780,2847.962612,61.2,0.000000,8.3,7.4
1788280929.001778,-32.833915,-70.128780,2847.962612,61.2,0.000000,8.3,7.4
1788280933.001851,-32.833869,-70.128682,2851.871570,63.6,3.358881,7.4,6.9
1788280939.001960,-32.833811,-70.128581,2854.455066,55.2,0.000000,6.4,6.4
1788280939.001960,-32.833811,-70.128581,2854.455066,55.2,0.000000,6.4,6.4
1788280944.002051,-32.833765,-70.128483,2856.630438,66.6,1.949819,6.0,6.1
1788280949.001625,-32.833714,-70.128376,2858.939998,58.0,3.008887,7.1,5.7
1788280955.001412,-32.833664,-70.128269,2862.171637,56.8,0.000000,7.0,5.4
1788280955.001412,-32.833664,-70.128269,2862.171637,56.8,0.000000,7.0,5.4
1788280960.001163,-32.833612,-70.128168,2864.570249,64.6,1.893673,6.7,5.2
1788280966.000936,-32.833554,-70.128069,2866.952314,59.5,0.000000,6.9,5.4
1788280971.000838,-32.833500,-70.127962,2869.906698,60.9,1.961290,7.4,5.7
1788280977.000776,-32.833446,-70.127839,2873.090544,67.8,1.919354,8.2,6.1
1788280983.000754,-32.833396,-70.127746,2875.738491,52.7,0.000000,8.1,6.4
1788280988.000760,-32.833349,-70.127636,2878.418900,65.9,0.000000,8.6,6.9
1788280993.000778,-32.833293,-70.127528,2882.890937,56.1,2.118350,9.4,6.6
1788280998.000806,-32.833249,-70.127431,2886.782087,62.1,2.193278,7.6,5.6
1788281003.000842,-32.833202,-70.127333,2889.660255,58.0,2.166208,6.9,4.7
1788281008.000884,-32.833155,-70.127238,2893.065160,59.0,0.000000,6.2,4.1
1788281008.000884,-32.833155,-70.127238,2893.065160,59.0,0.000000,6.2,4.1
1788281013.000929,-32.833110,-70.127141,2897.880902,59.0,2.046981,5.2,3.6
1788281018.000977,-32.833065,-70.127038,2901.628069,62.0,2.145926,4.5,3.3
1788281024.001038,-32.833027,-70.126957,2905.369178,60.4,0.000000,4.3,2.9
1788281024.001038,-32.833027,-70.126957,2905.369178,60.4,0.000000,4.3,2.9
1788281027.001068,-32.832983,-70.126863,2910.358147,59.4,2.169201,4.2,2.7
1788281033.001131,-32.832936,-70.126760,2917.301067,61.3,0.940038,3.5,2.4
1788281033.001131,-32.832936,-70.126760,2917.301067,61.3,0.000000,3.5,2.4
1788281038.001185,-32.832889,-70.126665,2921.578178,60.5,2.006260,3.3,2.3
1788281044.001249,-32.832846,-70.126559,2925.762022,55.9,0.000000,3.0,2.3
1788281044.001249,-32.832846,-70.126559,2925.762022,55.9,0.000000,3.0,2.3
1788281049.001303,-32.832794,-70.126466,2930.420167,59.8,2.352969,3.0,2.2
1788281055.001369,-32.832743,-70.126360,2935.417975,63.6,0.000000,3.0,2.2
1788281055.001369,-32.832743,-70.126360,2935.417975,63.6,0.000000,3.0,2.2
1788281060.001425,-32.832692,-70.126265,2941.759331,61.2,2.134032,3.0,2.1
1788281066.001490,-32.832638,-70.126154,2945.845687,61.3,0.000000,3.0,2.1
1788281066.001490,-32.832638,-70.126154,2945.845687,61.3,0.000000,3.0,2.1
1788281072.001556,-32.832584,-70.126052,2951.752136,59.6,1.942599,3.0,2.1
1788281078.000784,-32.832534,-70.125951,2956.285547,60.6,1.927557,3.0,2.0
1788281083.000704,-32.832484,-70.125858,2960.788548,61.4,1.992088,3.0,2.0
1788281089.000597,-32.832435,-70.125757,2971.148154,58.7,2.162434,3.0,2.0
1788281095.000534,-32.832387,-70.125653,2978.669955,59.8,1.159139,3.0,2.0
1788281095.000534,-32.832387,-70.125653,2978.669955,59.8,0.000000,3.0,2.0
1788281101.000507,-32.832334,-70.125546,2987.025795,60.4,1.945331,3.0,2.0
1788281107.000503,-32.832279,-70.125439,2991.167316,60.7,1.946394,3.0,2.0
1788281113.000516,-32.832224,-70.125334,2995.450919,59.7,1.923325,3.0,2.0
1788281119.000540,-32.832174,-70.125229,3003.111466,59.9,2.151047,3.0,2.1
1788281125.000573,-32.832128,-70.125122,3011.756574,60.1,1.030445,3.0,2.0
1788281125.000573,-32.832128,-70.125122,3011.756574,60.1,0.000000,3.0,2.0
1788281131.000609,-32.832078,-70.125020,3020.075135,59.0,2.073624,3.0,2.1
1788281137.000650,-32.832031,-70.124920,3028.195229,59.2,0.913252,3.0,2.1
1788281137.000650,-32.832031,-70.124920,3028.195229,59.2,0.000000,3.0,2.1
1788281143.000693,-32.831983,-70.124820,3037.188027,60.1,1.941641,3.1,2.1
1788281149.000738,-32.831935,-70.124719,3044.870400,61.1,2.001245,3.2,2.1
1788281155.000783,-32.831889,-70.124620,3052.074140,59.3,0.994947,3.0,2.1
1788281155.000783,-32.831889,-70.124620,3052.074140,59.3,0.000000,3.0,2.1
1788281161.000829,-32.831845,-70.124518,3058.974470,62.8,1.857988,3.0,2.1
1788281167.000876,-32.831792,-70.124416,3066.307859,59.2,2.040275,3.0,2.1
1788281173.000924,-32.831749,-70.124323,3075.613985,57.0,0.980819,3.0,2.0
1788281173.000924,-32.831749,-70.124323,3075.613985,57.0,0.000000,3.0,2.0
1788281179.000971,-32.831694,-70.124226,3084.759020,58.5,1.926906,3.0,2.1
1788281186.001027,-32.831642,-70.124115,3093.720507,60.7,1.975059,3.0,2.1
1788281192.001080,-32.831593,-70.124019,3101.884401,59.1,2.035947,3.0,2.0
1788281198.001136,-32.831559,-70.123944,3108.403028,60.1,1.312856,3.0,2.0
1788281198.001136,-32.831559,-70.123944,3108.403028,60.1,0.000000,3.0,2.0
1788281203.001169,-32.831515,-70.123842,3116.220047,62.2,1.838698,3.0,2.0
1788281209.001036,-32.831472,-70.123746,3125.470733,62.4,1.954563,3.0,2.0
1788281215.000876,-32.831427,-70.123643,3135.024372,61.5,2.324775,3.0,2.2
1788281221.000744,-32.831379,-70.123532,3143.141023,60.6,1.512582,3.0,2.2
1788281221.000744,-32.831379,-70.123532,3143.141023,60.6,0.000000,3.0,2.2
1788281226.000674,-32.831332,-70.123434,3145.416255,56.6,2.236423,3.0,2.2
1788281231.000630,-32.831277,-70.123338,3147.338707,53.5,0.000000,3.0,2.1
1788281231.000630,-32.831277,-70.123338,3147.338707,53.5,0.000000,3.0,2.1
1788281237.000600,-32.831226,-70.123226,3149.417127,59.1,2.094462,3.0,2.1
1788281242.000590,-32.831177,-70.123125,3152.336312,62.3,2.088355,3.0,2.1
1788281247.000589,-32.831132,-70.123031,3154.669251,61.1,1.982162,3.0,2.1
1788281252.000594,-32.831087,-70.122936,3157.708985,61.4,2.015059,3.0,2.0
1788281257.000605,-32.831040,-70.122834,3161.544533,60.4,0.000000,3.0,2.1
1788281257.000605,-32.831040,-70.122834,3161.544533,60.4,0.000000,3.0,2.1
1788281262.000619,-32.830995,-70.122735,3166.034993,62.6,2.290554,3.0,2.1
1788281267.000635,-32.830945,-70.122634,3169.137244,60.7,0.000000,3.0,2.2
1788281267.000635,-32.830945,-70.122634,3169.137244,60.7,0.000000,3.0,2.2
1788281272.000653,-32.830899,-70.122538,3169.589385,62.6,2.196978,3.0,2.4
1788281277.000672,-32.830842,-70.122436,3168.611752,59.0,2.211165,3.0,2.3
1788281282.000693,-32.830796,-70.122334,3169.799870,63.5,2.188951,3.0,2.3
1788281286.000710,-32.830762,-70.122215,3172.134926,65.0,4.145212,3.0,2.4
1788281288.000718,-32.830711,-70.122122,3171.291433,58.4,4.850717,3.0,2.3
1788281291.000731,-32.830641,-70.122003,3171.025818,55.1,4.346772,3.0,2.3
1788281295.000749,-32.830577,-70.121894,3173.807526,61.2,3.186421,3.0,2.4
1788281299.000766,-32.830523,-70.121798,3172.606373,58.4,2.754150,3.0,2.5
1788281304.000789,-32.830453,-70.121712,3173.205386,48.4,2.200433,3.0,2.7
1788281309.000811,-32.830392,-70.121618,3171.595485,60.0,2.071683,3.0,3.0
1788281315.000838,-32.830338,-70.121548,3172.068951,44.4,0.000000,4.1,4.2
1788281315.000838,-32.830338,-70.121548,3172.068951,44.4,0.000000,4.1,4.2
1788281320.000861,-32.830263,-70.121481,3172.213560,32.1,2.274048,5.3,5.9
1788281324.000879,-32.830179,-70.121400,3172.262418,41.2,2.927279,5.6,6.8
1788281328.001048,-32.830136,-70.121251,3168.082852,81.8,4.586607,5.3,8.5
1788281330.001033,-32.830096,-70.121135,3166.260778,71.3,5.101322,6.6,10.1
1788281335.000937,-32.830097,-70.121041,3164.073910,117.2,0.000000,11.1,10.6
1788281335.000937,-32.830097,-70.121041,3164.073910,117.2,0.000000,11.1,10.6
1788281350.000630,-32.830160,-70.120952,3158.772807,161.6,0.582382,12.8,11.1
1788281389.000486,-32.830202,-70.120855,3158.073245,124.5,2.098273,9.8,9.0
1788281395.000490,-32.830244,-70.120775,3155.899422,115.9,0.000000,10.6,9.8
1788281395.000490,-32.830244,-70.120775,3155.899422,115.9,0.000000,10.6,9.8
1788281399.000495,-32.830281,-70.120677,3153.784851,114.1,3.042632,9.9,9.7
1788281403.000500,-32.830322,-70.120555,3153.900786,114.0,2.359634,12.1,10.4
1788281409.000508,-32.830362,-70.120480,3152.340639,132.6,0.000000,11.9,10.2
1788281409.000508,-32.830362,-70.120480,3152.340639,132.6,0.000000,11.9,10.2
1788281415.000517,-32.830420,-70.120389,3148.868915,121.9,1.120795,13.6,11.4
1788281459.000771,-32.830513,-70.120349,3145.312110,226.1,0.450190,20.7,17.6
1788281463.000707,-32.830571,-70.120479,3139.111636,257.4,4.380987,19.7,16.2
1788281466.000654,-32.830570,-70.120642,3136.756690,264.9,5.468916,18.3,15.1
1788281468.000617,-32.830580,-70.120765,3135.290557,259.1,5.798745,17.8,14.3
1788281470.000582,-32.830696,-70.120746,3129.198379,161.3,6.368744,15.0,13.7
1788281472.000553,-32.830752,-70.120654,3125.840906,128.8,5.434377,16.0,13.4
1788281474.000527,-32.830875,-70.120652,3120.929231,191.8,7.390064,13.7,13.1
1788281476.000505,-32.830946,-70.120826,3115.183574,244.1,8.604209,15.5,14.4
1788281478.000484,-32.831042,-70.120945,3112.205606,215.2,7.897910,10.2,9.8
1788281480.000466,-32.831163,-70.120832,3102.554644,138.2,8.533647,16.6,17.1
1788281482.000450,-32.831222,-70.120688,3098.026465,125.3,8.333449,18.3,18.5
1788281484.000437,-32.831393,-70.120746,3093.346546,201.0,9.411431,13.5,15.6
1788281486.000424,-32.831439,-70.120952,3090.573595,251.0,9.210887,12.4,12.4
1788281488.000413,-32.831559,-70.121017,3086.216497,198.3,7.317633,12.0,12.0
1788281491.000399,-32.831648,-70.120975,3080.309811,170.8,3.609927,12.9,11.7
1788281495.000384,-32.831739,-70.120962,3075.887408,177.1,2.747639,12.1,11.2
1788281501.000367,-32.831785,-70.120956,3074.699304,204.9,0.000000,13.1,11.2
1788281501.000367,-32.831785,-70.120956,3074.699304,204.9,0.000000,13.1,11.2
1788281562.000319,-32.831846,-70.120961,3077.175573,-1.0,0.000000,14.6,18.0
1788281610.000265,-32.831931,-70.120861,3071.242984,138.3,3.710597,14.3,12.3
1788281612.000251,-32.832008,-70.120933,3066.262266,227.2,5.648018,13.7,13.0
1788281614.000239,-32.832026,-70.121074,3063.319304,262.1,6.330311,15.1,13.5
1788281616.000229,-32.832127,-70.121126,3058.231926,189.8,6.860280,13.8,13.0
1788281618.000219,-32.832237,-70.121024,3052.901764,137.8,7.425777,12.6,11.6
1788281624.000193,-32.832278,-70.120977,3051.741604,162.3,0.000000,14.3,11.8
1788281624.000193,-32.832278,-70.120977,3051.741604,162.3,0.000000,14.3,11.8
1788281626.000186,-32.832362,-70.121038,3046.694080,221.9,5.670146,12.9,11.5
1788281628.000179,-32.832362,-70.121179,3042.704698,267.7,6.517245,13.4,10.8
1788281630.000172,-32.832399,-70.121322,3038.337077,244.6,7.656301,13.0,10.5
1788281632.000166,-32.832555,-70.121351,3031.911391,188.6,8.402666,11.0,10.2
1788281634.000160,-32.832669,-70.121318,3027.775653,168.0,6.791777,9.8,8.9
1788281636.000155,-32.832775,-70.121289,3022.739576,168.1,6.433511,10.1,8.9
1788281638.000149,-32.832865,-70.121270,3018.940765,168.3,5.608930,11.0,9.6
1788281640.000145,-32.832972,-70.121312,3014.127607,209.0,6.996142,10.6,9.2
1788281642.000140,-32.833089,-70.121428,3005.824376,211.2,9.128101,10.2,8.9
1788281644.000135,-32.833254,-70.121444,3000.290628,183.5,9.104171,8.0,8.2
1788281646.000131,-32.833414,-70.121399,2996.012737,167.9,9.316229,5.8,6.1
1788281648.000126,-32.833576,-70.121331,2994.306559,158.4,9.396643,6.4,6.5
1788281650.000122,-32.833660,-70.121261,2988.484339,151.5,6.990350,6.1,6.6
1788281652.000117,-32.833838,-70.121180,2986.122955,157.4,9.823328,8.1,8.4
1788281654.000113,-32.833986,-70.121080,2985.113641,149.6,9.237506,9.4,9.3
1788281656.000109,-32.834052,-70.120988,2985.008888,131.7,5.928431,11.3,10.0
1788281662.000098,-32.834120,-70.120970,2987.281630,229.9,0.000000,10.9,8.6
1788281662.000098,-32.834120,-70.120970,2987.281630,229.9,0.000000,10.9,8.6
1788281723.000221,-32.834147,-70.120963,2988.031624,229.5,0.000000,10.2,7.3
1788281783.999989,-32.834144,-70.120973,2991.939919,229.5,0.000000,9.3,6.9
1788281811.999915,-32.834086,-70.121067,2988.790086,309.3,2.105799,8.4,8.6
1788281815.999904,-32.834012,-70.121167,2987.140429,311.7,3.236670,9.6,8.6
1788281818.999897,-32.833950,-70.121253,2986.538104,308.5,3.219584,9.3,8.0
1788281821.999890,-32.834007,-70.121348,2984.930728,216.4,4.533882,9.2,7.7
1788281823.999884,-32.834047,-70.121470,2982.014826,257.1,6.276704,8.1,7.5
1788281825.999879,-32.833982,-70.121592,2979.717271,300.4,6.445269,7.1,7.1
1788281828.999872,-32.833922,-70.121706,2982.840759,291.4,4.012660,7.4,6.4
1788281832.000235,-32.834037,-70.121733,2978.714116,176.7,4.614069,6.9,5.8
1788281834.000226,-32.834108,-70.121817,2976.756665,235.4,5.623777,7.1,6.0
1788281836.000214,-32.834084,-70.121924,2974.708026,283.8,4.948280,7.0,5.8
1788281838.000208,-32.834038,-70.122036,2975.404338,297.3,5.265232,6.6,5.7
1788281841.000190,-32.834035,-70.122166,2974.310215,240.9,4.029455,6.8,5.7
1788281843.000177,-32.834119,-70.122215,2972.792196,215.0,5.185011,6.7,5.7
1788281845.000163,-32.834130,-70.122354,2969.329825,275.5,6.390024,6.0,5.5
1788281847.000146,-32.834038,-70.122444,2968.355661,322.4,6.200887,6.1,5.5
1788281850.000124,-32.833969,-70.122576,2967.762144,281.4,5.612541,5.8,5.1
1788281852.000110,-32.834050,-70.122650,2964.899750,216.6,5.629060,5.8,5.1
1788281854.000097,-32.834151,-70.122671,2963.683481,191.4,5.567102,5.6,5.2
1788281856.000085,-32.834251,-70.122741,2962.455995,223.8,5.976665,5.8,5.4
1788281858.000074,-32.834232,-70.122917,2958.886992,283.3,7.851102,5.1,4.8
1788281860.000064,-32.834158,-70.123015,2956.489656,312.2,6.517880,4.4,4.0
1788281862.000054,-32.834066,-70.123084,2956.952041,328.3,5.938417,3.4,3.6
1788281864.000044,-32.833985,-70.123134,2956.989837,336.2,5.116392,3.7,3.8
1788281867.000030,-32.833913,-70.123222,2957.268287,291.4,4.155668,3.9,3.7
1788281869.000021,-32.833957,-70.123337,2953.966940,240.1,5.810627,5.2,4.9
1788281871.000012,-32.834021,-70.123453,2950.866749,245.3,7.099199,5.5,5.2
1788281873.000005,-32.834000,-70.123558,2947.687711,283.0,4.997005,5.9,5.3
1788281876.999989,-32.833900,-70.123611,2947.302213,347.2,3.242838,5.5,6.1
1788281881.999971,-32.833858,-70.123713,2944.843885,255.3,3.127709,6.6,6.3
1788281883.999963,-32.833841,-70.123821,2941.149682,288.4,5.618184,7.4,7.0
1788281886.999952,-32.833747,-70.123872,2939.455468,346.3,3.841103,7.0,7.1
1788281889.999943,-32.833623,-70.123893,2937.353052,348.5,4.605765,8.5,8.7
1788281891.999935,-32.833543,-70.123945,2936.251632,328.2,5.073910,8.1,8.2
1788281893.999928,-32.833521,-70.124057,2934.124159,283.3,4.442003,8.6,7.9
1788281897.999915,-32.833499,-70.124177,2930.868001,290.4,2.805143,8.6,8.0
1788281901.999903,-32.833462,-70.124297,2928.321215,267.4,3.242581,9.4,8.2
1788281904.999893,-32.833390,-70.124444,2924.082165,298.7,5.777978,9.0,7.5
1788281906.999887,-32.833365,-70.124573,2920.960904,277.9,6.275577,8.8,7.1
1788281908.999879,-32.833351,-70.124767,2917.244086,276.6,8.495225,7.1,5.6
1788281910.999874,-32.833429,-70.124923,2910.169714,232.7,8.688437,6.6,6.1
1788281912.999867,-32.833534,-70.124995,2911.148696,203.5,5.681932,6.0,5.9
1788281918.999848,-32.833606,-70.125068,2911.134164,235.9,0.000000,6.7,6.1
1788281918.999848,-32.833606,-70.125068,2911.134164,235.9,0.000000,6.7,6.1
1788281924.999829,-32.833621,-70.125183,2907.732741,280.0,3.289147,6.9,5.9
1788281930.999810,-32.833572,-70.125284,2907.244362,277.4,0.000000,8.4,6.7
1788281930.999810,-32.833572,-70.125284,2907.244362,277.4,0.000000,8.4,6.7
1788281933.999800,-32.833622,-70.125445,2901.347749,248.4,6.298246,8.2,6.9
1788281935.999794,-32.833724,-70.125545,2898.861725,213.6,6.666427,6.9,6.3
1788281937.999787,-32.833827,-70.125574,2896.873646,191.4,5.912402,6.3,5.7
1788281939.999782,-32.833924,-70.125590,2894.765823,187.0,5.924654,6.5,6.0
1788281941.999775,-32.834028,-70.125671,2891.665768,224.3,6.930118,6.2,5.7
1788281943.999769,-32.834003,-70.125810,2888.805433,285.4,6.317056,5.4,5.1
1788281945.999762,-32.833962,-70.125924,2888.926262,283.7,6.001115,5.0,5.2
1788281947.999756,-32.834068,-70.126005,2885.953073,207.5,6.697517,5.8,5.9
1788281949.999750,-32.834186,-70.125991,2885.159512,174.2,6.320325,5.7,5.7
1788281951.999744,-32.834268,-70.126075,2883.411948,228.4,6.202802,6.1,5.9
1788281953.999738,-32.834238,-70.126202,2880.935884,291.6,5.731182,6.6,6.6
1788281955.999732,-32.834187,-70.126310,2879.685567,291.2,6.201708,6.5,6.4
1788281958.000089,-32.834256,-70.126429,2877.593418,227.7,6.513639,6.2,6.2
1788281960.000085,-32.834363,-70.126447,2876.546935,192.0,6.041889,6.3,6.4
1788281962.000080,-32.834458,-70.126471,2875.577779,197.7,5.530595,6.0,6.0
1788281964.000080,-32.834496,-70.126608,2872.655030,257.0,6.800189,5.8,6.0
1788281966.000075,-32.834483,-70.126748,2868.775155,268.1,7.491498,6.0,6.3
1788281968.000069,-32.834571,-70.126902,2866.080597,236.1,8.350498,5.6,6.0
1788281970.000068,-32.834679,-70.127034,2867.483639,223.5,8.120560,6.6,6.5
1788281972.000059,-32.834757,-70.127160,2867.511245,233.1,7.405631,6.4,6.2
1788281974.000049,-32.834818,-70.127264,2868.153686,237.6,5.933888,6.5,6.4
1788281976.000041,-32.834868,-70.127363,2867.245349,237.4,5.261650,6.7,6.6
1788281979.000029,-32.834930,-70.127478,2867.689706,234.2,4.103903,6.4,6.4
1788281982.000016,-32.835003,-70.127564,2867.047903,217.7,4.011941,7.3,7.3
1788281987.999994,-32.835034,-70.127555,2868.176549,154.5,0.000000,7.4,7.0
1788281987.999994,-32.835034,-70.127555,2868.176549,154.5,0.000000,7.4,7.0
1788282048.999785,-32.835043,-70.127543,2869.079451,166.2,0.000000,6.9,7.5
1788282107.999991,-32.835020,-70.127436,2866.920614,86.3,0.303939,10.0,9.3
1788282124.999926,-32.834998,-70.127331,2866.140654,72.7,1.308447,9.6,9.8
1788282140.999869,-32.835000,-70.127203,2866.923935,89.6,1.955392,12.5,11.1
1788282146.999848,-32.834999,-70.127077,2871.255743,89.9,2.838379,10.9,9.8
1788282152.999827,-32.834994,-70.126978,2875.000607,85.7,0.000000,10.4,9.2
1788282152.999827,-32.834994,-70.126978,2875.000607,85.7,0.000000,10.4,9.2
1788282158.999807,-32.834992,-70.126866,2877.530754,87.8,1.087970,9.9,8.4
1788282164.999786,-32.834983,-70.126744,2879.740526,83.2,1.840336,9.6,7.7
1788282170.999766,-32.834981,-70.126622,2881.916251,84.0,1.968814,8.8,7.7
1788282176.999745,-32.834982,-70.126515,2884.011474,89.7,0.000000,8.0,7.2
1788282181.999728,-32.834977,-70.126398,2884.871382,72.5,1.899272,8.2,7.1
1788282186.999711,-32.834985,-70.126281,2886.558546,94.0,2.293727,4.4,8.4
1788282192.999691,-32.834994,-70.126151,2888.605357,76.5,0.000000,8.7,9.3
1788282192.999691,-32.834994,-70.126151,2888.605357,76.5,0.000000,8.7,9.3
1788282199.999667,-32.834993,-70.126018,2891.762656,87.3,1.920443,9.3,9.2
1788282206.999643,-32.834985,-70.125909,2894.719811,92.1,0.000000,9.0,8.6
1788282212.000035,-32.834978,-70.125799,2899.445380,86.6,1.921521,10.6,9.0
1788282218.000030,-32.834975,-70.125686,2904.229515,94.4,2.043139,10.5,8.6
1788282224.000023,-32.834967,-70.125574,2909.533271,82.8,0.000000,8.4,8.1
1788282224.000023,-32.834967,-70.125574,2909.533271,82.8,0.000000,8.4,8.1
1788282231.000002,-32.834961,-70.125456,2914.338254,80.7,1.612131,8.5,8.1
1788282237.999979,-32.834952,-70.125330,2919.841103,81.8,2.002342,7.6,7.8
1788282242.999962,-32.834952,-70.125221,2922.978316,90.7,0.000000,8.5,9.3
1788282242.999962,-32.834952,-70.125221,2922.978316,90.7,0.000000,8.5,9.3
1788282248.999942,-32.834955,-70.125108,2927.724781,88.2,1.984869,9.6,8.7
1788282255.999919,-32.834957,-70.124972,2931.874208,83.8,1.974307,8.6,7.7
1788282261.999899,-32.834953,-70.124855,2934.712017,88.2,1.965614,7.8,6.8
1788282268.999875,-32.834954,-70.124717,2939.312534,90.7,1.881860,8.0,6.8
1788282274.999854,-32.834952,-70.124602,2943.834289,93.8,1.886247,7.8,6.6
1788282280.999834,-32.834950,-70.124480,2947.713736,90.9,2.066779,7.5,6.3
1788282286.999812,-32.834948,-70.124423,2948.190910,82.2,0.000000,7.4,6.1
1788282286.999812,-32.834948,-70.124423,2948.190910,82.2,0.000000,7.4,6.1
1788282289.999803,-32.834950,-70.124307,2949.220789,93.2,1.752289,6.8,5.6
1788282295.999782,-32.834948,-70.124183,2951.807613,90.2,2.033634,6.9,6.1
1788282301.999761,-32.834944,-70.124061,2952.924612,84.7,0.000000,7.4,6.2
1788282301.999761,-32.834944,-70.124061,2952.924612,84.7,0.000000,7.4,6.2
1788282308.999737,-32.834946,-70.123911,2954.382978,88.3,2.088290,7.5,6.5
1788282314.999715,-32.834945,-70.123809,2956.174345,89.5,0.000000,8.3,6.9
1788282314.999715,-32.834945,-70.123809,2956.174345,89.5,0.000000,8.3,6.9
1788282319.999699,-32.834939,-70.123697,2958.395223,86.4,1.831829,8.3,6.9
1788282328.999667,-32.834933,-70.123525,2961.467572,88.2,2.005789,8.0,6.6
1788282335.000009,-32.834935,-70.123409,2964.884222,89.3,0.000000,8.1,6.7
1788282335.000009,-32.834935,-70.123409,2964.884222,89.3,0.000000,8.1,6.7
1788282343.000000,-32.834931,-70.123243,2968.072540,87.1,1.947159,7.9,6.5
1788282348.999999,-32.834931,-70.123121,2971.814259,84.2,1.940680,9.0,6.8
1788282356.999973,-32.834930,-70.122963,2976.100072,87.1,1.971406,9.4,7.1
1788282362.999954,-32.834922,-70.122845,2977.023977,77.4,1.785738,9.5,7.8
1788282368.999935,-32.834925,-70.122735,2978.368108,88.7,0.000000,10.1,8.3
1788282374.999915,-32.834915,-70.122597,2978.984512,92.5,1.909688,10.9,8.4
1788282380.999894,-32.834916,-70.122486,2979.679332,93.2,0.000000,9.9,9.2
1788282385.999878,-32.834910,-70.122365,2979.151203,78.9,2.013586,10.6,8.7
1788282391.999858,-32.834910,-70.122244,2979.863477,90.0,0.000000,10.5,9.0
1788282391.999858,-32.834910,-70.122244,2979.863477,90.0,0.000000,10.5,9.0
1788282397.999837,-32.834913,-70.122119,2981.750963,84.4,1.828384,11.0,9.8
1788282403.999816,-32.834915,-70.122001,2982.278095,89.2,1.977970,11.9,9.4
1788282409.999795,-32.834915,-70.121877,2981.847983,93.7,2.013287,11.4,8.9
1788282415.999775,-32.834908,-70.121751,2983.655255,87.1,0.000000,11.5,8.9
1788282415.999775,-32.834908,-70.121751,2983.655255,87.1,0.000000,11.5,8.9
1788282420.999758,-32.834908,-70.121643,2985.072589,88.9,2.080394,10.5,8.2
1788282426.999737,-32.834908,-70.121547,2985.785005,92.0,0.000000,10.1,8.0
1788282426.999737,-32.834908,-70.121547,2985.785005,92.0,0.000000,10.1,8.0
1788282431.999720,-32.834909,-70.121421,2988.205160,88.0,1.796047,9.7,7.9
1788282437.999699,-32.834907,-70.121304,2989.515878,83.6,1.807890,11.6,8.9
1788282443.999679,-32.834909,-70.121188,2991.235784,91.6,2.000023,7.1,8.1
1788282449.999659,-32.834917,-70.121044,2989.441296,97.2,0.000000,9.3,7.8
1788282449.999659,-32.834917,-70.121044,2989.441296,97.2,0.000000,9.3,7.8
1788282481.999960,-32.835010,-70.121020,2993.892065,189.3,0.949811,8.0,7.2
1788282542.999785,-32.835071,-70.121052,2993.475409,71.0,0.000000,8.7,8.9
1788282580.999664,-32.835146,-70.121166,2991.727875,240.8,3.536666,6.7,7.3
1788282582.999657,-32.835141,-70.121289,2990.214092,276.2,5.698149,6.5,7.0
1788282584.999651,-32.835184,-70.121419,2989.008406,246.1,6.387122,6.0,6.7
1788282587.000033,-32.835163,-70.121572,2987.799437,282.2,6.876895,6.4,7.8
1788282589.000027,-32.835213,-70.121739,2985.292177,252.9,8.093054,6.1,7.2
1788282590.000029,-32.835206,-70.121850,2984.706489,271.0,9.039405,5.0,6.1
1788282592.000025,-32.835271,-70.122019,2980.734176,237.3,8.845520,4.1,5.2
1788282594.000028,-32.835402,-70.122046,2981.357026,182.6,6.473009,4.2,5.2
1788282600.000029,-32.835410,-70.122011,2981.084863,127.4,0.000000,7.7,6.5
1788282600.000029,-32.835410,-70.122011,2981.084863,127.4,0.000000,7.7,6.5
1788282642.999883,-32.835407,-70.122121,2984.677114,141.9,0.107489,10.3,9.7
1788282646.999870,-32.835324,-70.122224,2981.235589,300.5,4.409790,8.6,8.6
1788282649.999860,-32.835389,-70.122371,2978.311163,232.2,5.553574,7.4,7.9
1788282651.999853,-32.835388,-70.122510,2976.122814,276.6,6.279537,7.1,8.0
1788282653.999846,-32.835322,-70.122632,2974.338916,300.0,6.660351,6.3,7.0
1788282655.999840,-32.835365,-70.122774,2972.608380,241.8,6.996157,5.8,6.6
1788282657.999833,-32.835396,-70.122935,2970.182953,268.1,7.608505,3.9,4.9
1788282659.999826,-32.835311,-70.123058,2966.261508,305.5,7.599773,3.1,4.1
1788282660.999823,-32.835270,-70.123159,2966.318573,297.8,8.762679,3.0,3.8
1788282662.999817,-32.835328,-70.123306,2963.107037,239.1,6.933292,3.0,4.1
1788282668.999797,-32.835382,-70.123323,2960.610230,224.8,0.000000,5.0,5.1
1788282668.999797,-32.835382,-70.123323,2960.610230,224.8,0.000000,5.0,5.1
1788282715.000023,-32.835352,-70.123429,2954.931188,296.6,4.654060,7.0,7.5
1788282717.000026,-32.835274,-70.123533,2951.489505,308.7,6.624446,4.9,7.1
1788282719.000025,-32.835310,-70.123692,2947.315480,242.6,7.486750,5.8,6.4
1788282721.000022,-32.835367,-70.123850,2943.474097,260.3,8.220951,4.6,5.5
1788282723.000024,-32.835342,-70.124012,2935.414194,268.3,8.595192,3.8,5.2
1788282724.000020,-32.835386,-70.124137,2934.321186,252.1,10.297301,4.1,5.5
1788282725.000022,-32.835454,-70.124228,2930.118811,235.4,10.946908,3.6,4.9
1788282726.000024,-32.835540,-70.124326,2926.027478,225.9,12.341719,6.1,8.3
1788282727.000021,-32.835635,-70.124407,2926.817082,217.6,12.449981,5.7,7.3
1788282728.000017,-32.835740,-70.124451,2929.060914,204.4,11.982325,4.9,5.8
1788282730.000008,-32.835909,-70.124481,2927.512960,190.5,10.320468,4.5,4.8
1788282732.000001,-32.836075,-70.124518,2925.842701,189.6,9.571864,4.2,4.2
1788282733.999994,-32.836218,-70.124501,2923.510078,177.1,8.070220,4.3,4.0
1788282735.999986,-32.836320,-70.124521,2924.000027,185.7,5.723536,5.3,5.1
1788282740.999967,-32.836410,-70.124489,2922.875386,175.3,1.393384,5.5,5.0
1788282774.999849,-32.836491,-70.124544,2926.781535,189.0,2.203165,5.7,6.3
1788282780.999829,-32.836569,-70.124565,2923.942662,193.2,0.000000,6.5,6.3
1788282780.999829,-32.836569,-70.124565,2923.942662,193.2,0.000000,6.5,6.3
1788282814.999714,-32.836676,-70.124541,2927.112846,192.4,0.036476,10.3,10.3
1788282864.999985,-32.836650,-70.124428,2923.454975,92.8,1.927525,9.8,8.3
1788282866.999979,-32.836626,-70.124317,2925.906012,78.6,4.627110,7.6,8.1
1788282870.999965,-32.836594,-70.124209,2931.422028,68.9,2.858368,8.0,8.2
1788282874.999952,-32.836556,-70.124074,2936.431937,72.0,3.474125,8.4,8.5
1788282877.999943,-32.836531,-70.123970,2940.660012,74.2,3.572359,9.0,8.8
1788282881.999929,-32.836496,-70.123840,2946.276763,72.7,3.503104,9.0,8.3
1788282885.999916,-32.836464,-70.123709,2952.745577,77.0,3.479201,8.5,7.9
1788282889.999903,-32.836424,-70.123566,2957.778147,76.2,4.116423,8.3,8.2
1788282893.999889,-32.836387,-70.123439,2961.827524,74.5,3.702501,8.5,8.5
1788282896.999878,-32.836360,-70.123330,2964.502035,72.4,3.530799,8.8,8.7
1788282899.999869,-32.836337,-70.123216,2966.981738,78.6,3.451617,9.2,9.0
1788282905.999848,-32.836311,-70.123181,2967.818240,342.5,0.000000,8.8,8.6
1788282905.999848,-32.836311,-70.123181,2967.818240,342.5,0.000000,8.8,8.6
1788282967.000030,-32.836324,-70.123219,2966.791329,342.5,0.000000,9.8,9.1
1788283027.999851,-32.836304,-70.123236,2967.164152,343.4,0.016617,9.3,9.3
1788283088.999641,-32.836284,-70.123254,2967.570299,339.7,0.161879,8.6,9.2
1788283148.999861,-32.836193,-70.123268,2965.957589,352.0,1.641289,8.4,8.7
1788283154.999841,-32.836104,-70.123307,2965.064207,334.6,2.370576,7.6,8.1
1788283160.999818,-32.836032,-70.123346,2964.578691,337.8,0.000000,7.2,7.4
1788283160.999818,-32.836032,-70.123346,2964.578691,337.8,0.000000,7.2,7.4
1788283172.999777,-32.835944,-70.123389,2963.331728,335.1,1.397037,7.4,8.0
1788283180.999748,-32.835857,-70.123433,2962.872342,332.2,1.435772,6.9,7.5
1788283186.999727,-32.835762,-70.123454,2962.921702,6.0,1.983080,6.9,7.5
1788283191.999710,-32.835666,-70.123447,2963.519340,14.1,2.447461,6.9,7.6
1788283197.999689,-32.835622,-70.123404,2962.946930,52.4,0.000000,7.9,7.7
1788283197.999689,-32.835622,-70.123404,2962.946930,52.4,0.000000,7.9,7.7
1788283211.999640,-32.835527,-70.123385,2963.922051,7.4,1.007905,8.3,8.1
1788283249.999930,-32.835421,-70.123396,2961.240604,346.6,2.700823,8.2,8.5
1788283252.999921,-32.835370,-70.123495,2959.375293,275.0,4.042969,7.3,7.9
1788283255.999911,-32.835453,-70.123565,2957.564174,224.7,3.896173,6.7,7.7
1788283257.999904,-32.835401,-70.123657,2954.292924,312.7,4.958513,6.2,7.3
1788283259.999898,-32.835311,-70.123697,2953.913166,336.2,5.243690,6.2,7.1
1788283261.999891,-32.835282,-70.123816,2950.970398,277.1,6.059446,5.7,6.9
1788283263.999884,-32.835352,-70.123980,2945.939280,241.2,8.315635,5.6,7.3
1788283265.999879,-32.835446,-70.124150,2940.004569,240.6,9.889435,4.5,5.8
1788283266.999875,-32.835487,-70.124262,2935.235708,243.7,11.324995,6.3,8.0
1788283267.999871,-32.835550,-70.124366,2931.613663,234.2,11.836201,5.4,7.5
1788283268.999868,-32.835634,-70.124427,2932.693580,217.3,10.591454,4.7,6.6
1788283270.999862,-32.835747,-70.124423,2933.588931,187.4,6.758502,5.3,7.4
1788283272.999855,-32.835864,-70.124454,2932.442276,194.1,6.521022,5.1,6.7
1788283274.999848,-32.835975,-70.124487,2930.414127,194.0,6.519440,4.8,6.3
1788283276.999841,-32.836075,-70.124492,2930.035781,181.4,5.681103,4.6,6.0
1788283279.999831,-32.836199,-70.124491,2928.832907,181.1,4.890393,4.5,5.6
1788283282.999821,-32.836314,-70.124483,2928.420080,176.2,4.162459,4.3,5.3
1788283285.999810,-32.836425,-70.124468,2927.557722,171.6,3.934744,4.1,5.3
1788283288.999801,-32.836540,-70.124425,2926.132507,162.4,4.501994,4.6,5.2
1788283291.999790,-32.836660,-70.124365,2924.919495,158.1,4.671300,5.0,5.2
1788283294.999780,-32.836757,-70.124312,2926.275172,155.6,3.369527,5.1,5.4
1788283300.999760,-32.836808,-70.124291,2925.380479,157.4,0.000000,5.7,5.6
1788283300.999760,-32.836808,-70.124291,2925.380479,157.4,0.000000,5.7,5.6
1788283305.999742,-32.836894,-70.124258,2926.027070,165.7,2.409463,5.7,5.9
1788283311.999722,-32.836970,-70.124223,2924.645643,154.1,0.000000,6.1,6.2
1788283311.999722,-32.836970,-70.124223,2924.645643,154.1,0.000000,6.1,6.2
1788283315.999709,-32.837059,-70.124195,2925.564714,159.4,2.471527,6.1,6.5
1788283320.999691,-32.837150,-70.124153,2925.000553,158.6,2.050768,5.6,6.0
1788283325.999673,-32.837236,-70.124118,2924.204643,158.5,2.167224,6.2,6.4
1788283329.999661,-32.837339,-70.124086,2923.407518,167.1,2.871082,5.9,6.2
1788283332.999650,-32.837424,-70.124046,2922.335790,158.6,3.710554,5.6,6.0
1788283335.999639,-32.837537,-70.123992,2921.618252,157.2,4.596784,6.0,6.5
1788283338.999629,-32.837662,-70.123927,2920.499764,155.3,5.091976,6.6,7.5
1788283340.999622,-32.837750,-70.123879,2919.426298,155.2,5.252070,6.6,7.5
1788283342.999882,-32.837842,-70.123820,2918.599140,150.6,5.775597,6.8,7.5
1788283344.999883,-32.837923,-70.123750,2917.819584,144.3,5.760856,6.5,7.2
1788283346.999889,-32.838013,-70.123684,2916.776112,146.8,6.141844,7.0,7.1
1788283348.999892,-32.838109,-70.123598,2915.450160,141.8,6.857062,6.8,7.0
1788283350.999892,-32.838187,-70.123497,2914.893461,133.4,6.325910,7.9,8.3
1788283352.999900,-32.838273,-70.123434,2914.282183,146.6,5.556220,8.0,8.4
1788283355.999912,-32.838319,-70.123550,2910.682816,255.5,5.001929,6.4,8.0
1788283357.999910,-32.838269,-70.123678,2910.483289,301.5,5.891721,6.5,7.6
1788283359.999910,-32.838190,-70.123769,2909.713361,316.4,6.312948,6.6,7.9
1788283361.999909,-32.838126,-70.123871,2909.168591,309.4,6.214521,6.6,7.7
1788283363.999905,-32.838054,-70.123957,2909.688378,316.9,5.775747,6.7,7.6
1788283365.999903,-32.837974,-70.124020,2908.969864,327.4,5.719912,7.1,7.9
1788283367.999900,-32.837889,-70.124082,2908.219329,328.2,5.617614,6.8,7.6
1788283369.999896,-32.837803,-70.124142,2907.523351,327.9,5.389049,6.8,7.4
1788283371.999893,-32.837708,-70.124214,2906.830651,327.2,6.102512,6.6,7.4
1788283373.999888,-32.837619,-70.124305,2907.737877,318.8,6.291198,5.9,6.9
1788283376.999882,-32.837521,-70.124386,2907.500008,325.9,3.913883,6.1,6.2
1788283382.999867,-32.837495,-70.124418,2908.509312,308.8,0.000000,6.7,6.3
1788283382.999867,-32.837495,-70.124418,2908.509312,308.8,0.000000,6.7,6.3
1788283417.999765,-32.837431,-70.124529,2906.453662,308.7,4.129579,6.6,7.9
1788283419.999759,-32.837339,-70.124604,2905.653827,324.4,6.089381,6.9,8.0
1788283421.999753,-32.837267,-70.124697,2905.275517,316.0,6.251732,7.1,7.8
1788283423.999747,-32.837180,-70.124770,2904.517633,322.2,6.189209,7.8,8.7
1788283425.999742,-32.837095,-70.124856,2900.986110,318.9,6.033242,7.9,9.4
1788283428.013342,-32.837017,-70.124951,2900.071607,314.4,6.106619,3.1,9.4
1788283430.012955,-32.836951,-70.125061,2899.041793,309.5,6.115888,3.0,13.6
1788283435.999710,-32.836516,-70.125445,2903.983482,319.2,0.000000,8.0,24.7
1788283435.999710,-32.836516,-70.125445,2903.983482,319.2,0.000000,8.0,24.7
1788283436.999708,-32.836491,-70.125475,2894.612643,315.6,8.084108,3.0,7.2
1788283438.999702,-32.836392,-70.125571,2893.977977,316.6,7.130343,3.0,3.4
1788283440.999695,-32.836310,-70.125665,2893.118331,317.0,6.470311,3.6,4.1
1788283442.999689,-32.836228,-70.125756,2893.664318,314.0,6.438445,3.7,4.2
1788283444.999682,-32.836165,-70.125851,2892.868949,306.1,5.532199,3.7,4.1
1788283446.999677,-32.836113,-70.125957,2892.104397,301.4,5.490080,3.6,4.0
1788283448.999670,-32.836059,-70.126074,2890.392910,299.7,6.221891,3.8,4.2
1788283450.999664,-32.836004,-70.126210,2889.416831,295.9,6.781901,3.8,4.5
1788283452.999657,-32.835953,-70.126360,2887.967382,291.9,7.389341,4.3,5.0
1788283454.999652,-32.835903,-70.126511,2887.273586,291.2,7.383030,3.9,4.7
1788283456.999645,-32.835864,-70.126652,2886.712473,287.6,6.967353,3.9,4.6
1788283458.999638,-32.835828,-70.126796,2885.935581,286.0,6.949017,3.6,4.2
1788283460.999633,-32.835799,-70.126936,2886.195823,284.7,6.807898,3.9,4.4
1788283462.999626,-32.835761,-70.127071,2883.570131,286.9,7.069798,5.2,7.0
1788283464.999621,-32.835727,-70.127210,2882.678780,287.1,6.750649,4.4,9.0
1788283466.999614,-32.835711,-70.127346,2882.200736,281.5,6.459192,5.2,9.5
1788283468.999920,-32.835684,-70.127464,2883.117391,281.9,5.669907,5.6,10.3
1788283470.999918,-32.835651,-70.127570,2880.204917,283.4,5.651670,6.6,12.8
1788283472.999925,-32.835636,-70.127684,2880.351219,273.4,5.004081,6.1,12.0
1788283475.999934,-32.835669,-70.127800,2879.205598,254.8,3.550574,5.7,12.0
1788283478.999940,-32.835679,-70.127924,2877.325808,276.3,3.691185,10.2,10.8
1788283481.999950,-32.835692,-70.128048,2876.665582,261.8,3.578576,10.5,10.2
1788283484.999946,-32.835680,-70.128205,2875.250257,279.9,5.413932,10.4,9.9
1788283486.999945,-32.835627,-70.128361,2875.594529,294.7,7.781628,8.6,9.3
1788283488.999942,-32.835574,-70.128458,2876.303181,301.4,5.814591,11.0,13.1
1788283491.999938,-32.835483,-70.128571,2876.683557,313.9,4.942346,11.2,12.8
1788283494.999932,-32.835397,-70.128681,2876.163455,310.5,5.142341,9.5,12.0
1788283497.999925,-32.835294,-70.128831,2877.330257,307.3,7.019671,10.3,11.4
1788283499.999921,-32.835212,-70.128958,2875.531322,306.9,7.851026,6.9,11.1
1788283501.999918,-32.835148,-70.129090,2875.612411,301.9,6.985408,5.8,10.0
1788283504.999910,-32.835117,-70.129226,2874.859830,294.7,4.240484,8.3,9.8
1788283508.999900,-32.835093,-70.129359,2876.780731,282.2,2.591026,8.4,8.7
1788283514.999885,-32.835080,-70.129450,2879.669996,279.1,0.000000,7.7,7.7
1788283514.999885,-32.835080,-70.129450,2879.669996,279.1,0.000000,7.7,7.7
1788283575.999718,-32.835123,-70.129520,2878.504822,289.9,0.200799,4.4,10.5